iteration,id,group_id,x,y,age,known_cells,group_member_ids, last_three_cells
1,0,2,4,5,1471,[4_4],[],[4_4]
1,1,1,23,4,1269,[23_5],[],[23_5]
1,2,2,19,8,2462,[19_9],[],[19_9]
1,3,1,23,24,2297,[23_23],[],[23_23]
1,4,1,1,24,2156,[0_24],[],[0_24]
1,5,1,16,17,2419,[16_17],[],[16_17]
1,6,2,19,17,808,[18_17],[],[18_17]
1,7,2,14,21,853,[15_21],[],[15_21]
1,8,2,20,8,1641,[20_9],[],[20_9]
1,9,2,1,16,2194,[1_16],[],[1_16]
2,0,2,3,5,1472,[4_4];[4_5],[0;2;6;7;8;9],[4_4];[4_5]
2,1,1,24,4,1270,[23_4];[23_5],[1;3;4;5],[23_5];[23_4]
2,2,2,21,8,2463,[19_9];[21_8];[19_8],[0;2;6;7;8;9],[19_9];[19_8];[21_8]
2,3,1,24,24,2298,[23_23];[23_24],[1;3;4;5],[23_23];[23_24]
2,4,1,1,23,2157,[1_24];[0_24],[1;3;4;5],[0_24];[1_24]
2,5,1,16,18,2420,[16_17],[1;3;4;5],[16_17];[16_17]
2,6,2,19,16,809,[19_17];[18_17],[0;2;6;7;8;9],[18_17];[19_17]
2,7,2,13,21,854,[15_21];[14_21],[0;2;6;7;8;9],[15_21];[14_21]
2,8,2,19,8,1642,[20_9];[20_8],[0;2;6;7;8;9],[20_9];[20_8]
2,9,2,0,16,2195,[1_16],[0;2;6;7;8;9],[1_16];[1_16]
3,0,2,3,6,1473,[3_5];[4_4];[4_5],[0;2;6;7;8;9],[4_4];[4_5];[3_5]
3,1,1,24,5,1271,[23_4];[23_5];[24_5],[1;3;4;5],[23_5];[23_4];[24_5]
3,2,2,22,8,2464,[19_9];[21_8];[19_8],[0;2;6;7;8;9],[19_8];[21_8];[21_8]
3,3,1,23,24,2299,[24_24];[23_23];[23_24],[1;3;4;5],[23_23];[23_24];[24_24]
3,4,1,1,24,2158,[1_24];[1_23];[0_24],[1;3;4;5],[0_24];[1_24];[1_23]
3,5,1,16,19,2421,[16_17];[16_18],[1;3;4;5],[16_17];[16_17];[16_18]
3,6,2,19,15,810,[19_15];[19_17];[18_17],[0;2;6;7;8;9],[18_17];[19_17];[19_15]
3,7,2,14,21,855,[13_21];[15_21];[14_21],[0;2;6;7;8;9],[15_21];[14_21];[13_21]
3,8,2,20,8,1643,[19_8];[20_9];[20_8],[0;2;6;7;8;9],[20_9];[20_8];[19_8]
3,9,2,0,16,2196,[0_16];[1_16],[0;2;6;7;8;9],[1_16];[1_16];[0_16]
4,0,2,3,5,1474,[3_5];[4_4];[4_5],[0;2;6;7;8;9],[4_5];[3_5];[3_5]
4,1,1,24,4,1272,[23_4];[23_5];[24_5],[1;3;4;5],[23_4];[24_5];[24_5]
4,2,2,22,7,2465,[21_8];[19_8];[19_9];[22_8],[0;2;6;7;8;9],[21_8];[21_8];[22_8]
4,3,1,24,24,2300,[24_24];[23_23];[23_24],[1;3;4;5],[23_24];[24_24];[23_24]
4,4,1,1,23,2159,[1_24];[1_23];[0_24],[1;3;4;5],[1_24];[1_23];[1_24]
4,5,1,16,18,2422,[16_17];[16_18];[16_19],[1;3;4;5],[16_17];[16_18];[16_19]
4,6,2,19,16,811,[19_15];[19_17];[18_17],[0;2;6;7;8;9],[19_17];[19_15];[19_15]
4,7,2,13,21,856,[13_21];[15_21];[14_21],[0;2;6;7;8;9],[14_21];[13_21];[14_21]
4,8,2,20,7,1644,[19_8];[20_9];[20_8];[20_7],[0;2;6;7;8;9],[20_8];[19_8];[20_7]
4,9,2,1,16,2197,[0_16];[1_16],[0;2;6;7;8;9],[1_16];[0_16];[1_16]
5,0,2,3,4,1475,[3_4];[3_5];[4_4];[4_5],[0;2;6;7;8;9],[3_5];[3_5];[3_4]
5,1,1,23,4,1273,[23_5];[24_4];[23_4];[24_5],[1;3;4;5],[24_5];[24_5];[24_4]
5,2,2,22,6,2466,[21_8];[19_8];[19_9];[22_6];[22_8],[0;2;6;7;8;9],[21_8];[22_8];[22_6]
5,3,1,24,23,2301,[24_23];[24_24];[23_23];[23_24],[1;3;4;5],[24_24];[23_24];[24_23]
5,4,1,1,23,2160,[1_24];[1_23];[0_24],[1;3;4;5],[1_23];[1_23];[1_23]
5,5,1,16,19,2423,[16_17];[16_18];[16_19],[1;3;4;5],[16_18];[16_19];[16_18]
5,6,2,19,17,812,[19_15];[19_17];[18_17],[0;2;6;7;8;9],[19_15];[19_15];[19_17]
5,7,2,13,21,857,[13_21];[15_21];[14_21],[0;2;6;7;8;9],[13_21];[13_21];[13_21]
5,8,2,20,8,1645,[19_8];[20_9];[20_8];[20_7],[0;2;6;7;8;9],[19_8];[20_7];[20_7]
5,9,2,0,16,2198,[0_16];[1_16],[0;2;6;7;8;9],[0_16];[1_16];[1_16]
6,0,2,3,3,1476,[3_4];[3_5];[3_3];[4_4];[4_5],[0;2;6;7;8;9],[3_5];[3_4];[3_3]
6,1,1,23,4,1274,[23_5];[24_4];[23_4];[24_5],[1;3;4;5],[24_4];[23_4];[23_4]
6,2,2,22,7,2467,[21_8];[19_8];[19_9];[22_6];[22_8],[0;2;6;7;8;9],[22_8];[22_6];[22_6]
6,3,1,23,24,2302,[24_23];[24_24];[23_23];[23_24],[1;3;4;5],[24_23];[24_23];[23_24]
6,4,1,1,24,2161,[1_24];[1_23];[0_24],[1;3;4;5],[1_23];[1_23];[1_23]
6,5,1,16,20,2424,[16_18];[16_20];[16_17];[16_19],[1;3;4;5],[16_19];[16_18];[16_20]
6,6,2,19,16,813,[19_15];[19_17];[18_17],[0;2;6;7;8;9],[19_15];[19_17];[19_17]
6,7,2,14,21,858,[13_21];[15_21];[14_21],[0;2;6;7;8;9],[13_21];[13_21];[13_21]
6,8,2,19,9,1646,[19_8];[20_9];[20_8];[20_7];[19_9],[0;2;6;7;8;9],[20_7];[20_8];[19_9]
6,9,2,0,16,2199,[0_16];[1_16],[0;2;6;7;8;9],[0_16];[0_16]
7,0,2,3,2,1477,[3_4];[3_5];[3_3];[4_4];[4_5],[0;2;6;7;8;9],[3_4];[3_3];[3_3]
7,1,1,24,4,1275,[23_5];[24_4];[23_4];[24_5],[1;3;4;5],[23_4];[23_4];[23_4]
7,2,2,22,8,2468,[21_8];[19_8];[19_9];[22_6];[22_7];[22_8],[0;2;6;7;8;9],[22_6];[22_6];[22_7]
7,3,1,23,23,2303,[24_23];[24_24];[23_23];[23_24],[1;3;4;5],[24_23];[23_24];[23_23]
7,4,1,1,23,2162,[1_24];[1_23];[0_24],[1;3;4;5],[1_24]
7,5,1,17,19,2425,[16_18];[16_20];[16_17];[16_19];[17_19],[1;3;4;5],[16_20];[16_20];[17_19]
7,6,2,19,17,814,[19_15];[19_17];[18_17],[0;2;6;7;8;9],[19_17];[19_17];[19_17]
7,7,2,15,21,859,[13_21];[15_21];[14_21],[0;2;6;7;8;9],[15_21]
7,8,2,19,8,1647,[19_8];[20_9];[20_8];[20_7];[19_9],[0;2;6;7;8;9],[20_8];[19_9];[19_9]
7,9,2,1,16,2200,[0_16];[1_16],[0;2;6;7;8;9],[0_16];[0_16];[1_16]
8,0,2,3,3,1478,[3_4];[3_5];[3_3];[4_4];[4_5],[0;2;6;7;8;9],[3_3];[3_3];[3_3]
8,1,1,23,4,1276,[23_5];[24_4];[23_4];[24_5],[1;3;4;5],[23_4];[23_4];[24_4]
8,2,2,22,8,2469,[21_8];[19_8];[19_9];[22_6];[22_7];[22_8],[0;2;6;7;8;9],[22_7];[22_8];[22_8]
8,3,1,23,24,2304,[24_23];[24_24];[23_23];[23_24],[1;3;4;5],[23_24];[23_23];[23_23]
8,4,1,0,23,2163,[0_23];[1_24];[1_23];[0_24],[1;3;4;5],[1_24];[0_23]
8,5,1,17,20,2426,[16_18];[16_20];[16_17];[16_19];[17_19],[1;3;4;5],[16_20];[17_19];[17_19]
8,6,2,18,17,815,[19_15];[19_17];[18_17],[0;2;6;7;8;9],[19_17];[19_17];[18_17]
8,7,2,14,21,860,[13_21];[15_21];[14_21],[0;2;6;7;8;9],[15_21];[15_21]
8,8,2,21,8,1648,[19_8];[20_9];[20_8];[20_7];[19_9];[21_8],[0;2;6;7;8;9],[19_9];[19_8];[21_8]
8,9,2,0,16,2201,[0_16];[1_16],[0;2;6;7;8;9],[1_16];[1_16]
9,0,2,3,2,1479,[3_4];[3_2];[3_5];[3_3];[4_4];[4_5],[0;2;6;7;8;9],[3_3];[3_3];[3_2]
9,1,1,24,4,1277,[23_5];[24_4];[23_4];[24_5],[1;3;4;5],[23_4];[24_4];[23_4]
9,2,2,22,7,2470,[21_8];[19_8];[19_9];[22_6];[22_7];[22_8],[0;2;6;7;8;9],[22_8];[22_8];[22_8]
9,3,1,24,24,2305,[24_23];[24_24];[23_23];[23_24],[1;3;4;5],[23_23];[23_23];[23_24]
9,4,1,1,24,2164,[0_23];[1_24];[1_23];[0_24],[1;3;4;5],[0_23];[0_23];[1_24]
9,5,1,17,21,2427,[17_20];[16_18];[16_20];[16_17];[16_19];[17_19],[1;3;4;5],[17_19];[17_19];[17_20]
9,6,2,18,17,816,[19_15];[19_17];[18_17],[0;2;6;7;8;9],[18_17];[18_17];[18_17]
9,7,2,14,20,861,[14_20];[15_21];[14_21];[13_21],[0;2;6;7;8;9],[15_21];[15_21];[14_20]
9,8,2,22,8,1649,[19_8];[20_9];[20_8];[20_7];[19_9];[21_8],[0;2;6;7;8;9],[19_8];[21_8];[21_8]
9,9,2,1,16,2202,[0_16];[1_16],[0;2;6;7;8;9],[1_16];[1_16];[1_16]
10,0,2,4,3,1480,[3_4];[3_2];[3_5];[3_3];[4_3];[4_4];[4_5],[0;2;6;7;8;9],[3_2];[3_2];[4_3]
10,1,1,24,5,1278,[23_5];[24_4];[23_4];[24_5],[1;3;4;5],[24_4];[24_5]
10,2,2,22,8,2471,[21_8];[19_8];[19_9];[22_6];[22_7];[22_8],[0;2;6;7;8;9],[22_8];[22_8];[22_7]
10,3,1,23,24,2306,[24_23];[24_24];[23_23];[23_24],[1;3;4;5],[23_23];[23_23];[24_24]
10,4,1,1,23,2165,[0_23];[1_24];[1_23];[0_24],[1;3;4;5],[0_23];[1_24];[1_24]
10,5,1,17,20,2428,[17_20];[16_18];[16_20];[17_21];[16_17];[16_19];[17_19],[1;3;4;5],[17_19];[17_20];[17_21]
10,6,2,17,17,817,[19_15];[19_17];[18_17];[17_17],[0;2;6;7;8;9],[18_17];[18_17];[17_17]
10,7,2,14,21,862,[14_20];[15_21];[14_21];[13_21],[0;2;6;7;8;9],[15_21];[14_20];[14_20]
10,8,2,22,7,1650,[22_8];[19_8];[20_9];[20_8];[20_7];[19_9];[21_8],[0;2;6;7;8;9],[21_8];[21_8];[22_8]
10,9,2,0,16,2203,[0_16];[1_16],[0;2;6;7;8;9],[1_16];[1_16];[1_16]
11,0,2,4,2,1481,[3_4];[3_2];[3_5];[3_3];[4_3];[4_4];[4_5],[0;2;6;7;8;9],[3_2];[4_3];[4_3]
11,1,1,24,6,1279,[23_5];[24_4];[24_6];[23_4];[24_5],[1;3;4;5],[24_4];[24_5];[24_6]
11,2,2,22,7,2472,[21_8];[19_8];[19_9];[22_6];[22_7];[22_8],[0;2;6;7;8;9],[22_8];[22_7];[22_8]
11,3,1,24,24,2307,[24_23];[24_24];[23_23];[23_24],[1;3;4;5],[23_23];[24_24];[24_24]
11,4,1,1,24,2166,[0_23];[1_24];[1_23];[0_24],[1;3;4;5],[1_24];[1_24];[1_24]
11,5,1,17,21,2429,[17_20];[16_18];[16_20];[17_21];[16_17];[16_19];[17_19],[1;3;4;5],[17_20];[17_21];[17_20]
11,6,2,16,17,818,[19_15];[19_17];[18_17];[17_17],[0;2;6;7;8;9],[17_17];[17_17]
11,7,2,13,21,863,[14_20];[15_21];[14_21];[13_21],[0;2;6;7;8;9],[14_20];[14_20];[14_21]
11,8,2,22,6,1651,[22_6];[20_9];[21_8];[20_7];[22_8];[19_8];[20_8];[19_9],[0;2;6;7;8;9],[21_8];[22_8];[22_6]
11,9,2,0,16,2204,[0_16];[1_16],[0;2;6;7;8;9],[0_16]
12,0,2,3,2,1482,[3_5];[3_3];[4_3];[3_2];[4_4];[3_4];[4_2];[4_5],[0;2;6;7;8;9],[4_3];[4_3];[4_2]
12,1,1,23,6,1280,[23_5];[24_4];[24_6];[23_4];[24_5],[1;3;4;5],[24_5];[24_6];[24_6]
12,2,2,22,8,2473,[21_8];[19_8];[19_9];[22_6];[22_7];[22_8],[0;2;6;7;8;9],[22_7];[22_7]
12,3,1,23,24,2308,[24_23];[24_24];[23_23];[23_24],[1;3;4;5],[24_24];[24_24];[24_24]
12,4,1,2,24,2167,[0_23];[2_24];[1_24];[1_23];[0_24],[1;3;4;5],[1_24];[1_24];[2_24]
12,5,1,17,21,2430,[17_20];[16_18];[16_20];[17_21];[16_17];[16_19];[17_19],[1;3;4;5],[17_21];[17_21];[17_21]
12,6,2,16,18,819,[19_15];[19_17];[18_17];[16_17];[17_17],[0;2;6;7;8;9],[17_17];[17_17];[16_17]
12,7,2,13,21,864,[14_20];[15_21];[14_21];[13_21],[0;2;6;7;8;9],[14_21];[13_21];[13_21]
12,8,2,23,6,1652,[22_6];[20_9];[21_8];[20_7];[22_8];[19_8];[20_8];[19_9];[23_6],[0;2;6;7;8;9],[22_8];[22_6];[23_6]
12,9,2,0,17,2205,[0_16];[1_16];[0_17],[0;2;6;7;8;9],[0_16];[0_17]
13,0,2,4,2,1483,[3_5];[3_3];[4_3];[3_2];[4_4];[3_4];[4_2];[4_5],[0;2;6;7;8;9],[4_3];[4_2];[3_2]
13,1,1,23,6,1281,[23_5];[24_4];[24_6];[23_4];[24_5];[23_6],[1;3;4;5],[24_6];[23_6];[23_6]
13,2,2,22,6,2474,[21_8];[19_8];[19_9];[22_6];[22_7];[22_8],[0;2;6;7;8;9],[22_7];[22_8];[22_6]
13,3,1,22,24,2309,[24_23];[22_24];[24_24];[23_23];[23_24],[1;3;4;5],[24_24];[24_24];[22_24]
13,4,1,1,24,2168,[0_23];[2_24];[1_24];[1_23];[0_24],[1;3;4;5],[1_24];[2_24];[1_24]
13,5,1,17,21,2431,[17_20];[16_18];[16_20];[17_21];[16_17];[16_19];[17_19],[1;3;4;5],[17_21];[17_21];[17_21]
13,6,2,16,19,820,[19_15];[16_18];[19_17];[18_17];[16_17];[17_17],[0;2;6;7;8;9],[17_17];[16_17];[16_18]
13,7,2,14,21,865,[14_20];[15_21];[14_21];[13_21],[0;2;6;7;8;9],[13_21];[13_21];[13_21]
13,8,2,23,7,1653,[22_6];[20_9];[21_8];[20_7];[22_8];[19_8];[20_8];[19_9];[23_6],[0;2;6;7;8;9],[22_6];[23_6];[23_6]
13,9,2,0,16,2206,[0_16];[1_16];[0_17],[0;2;6;7;8;9],[0_16];[0_17];[0_17]
14,0,2,3,2,1484,[3_5];[3_3];[4_3];[3_2];[4_4];[3_4];[4_2];[4_5],[0;2;6;7;8;9],[4_2];[3_2];[4_2]
14,1,1,23,5,1282,[23_5];[24_4];[24_6];[23_4];[24_5];[23_6],[1;3;4;5],[23_6];[23_6];[23_5]
14,2,2,22,7,2475,[21_8];[19_8];[19_9];[22_6];[22_7];[22_8],[0;2;6;7;8;9],[22_8];[22_6];[22_6]
14,3,1,22,24,2310,[24_23];[22_24];[24_24];[23_23];[23_24],[1;3;4;5],[22_24];[22_24];[22_24]
14,4,1,1,23,2169,[0_23];[2_24];[1_24];[1_23];[0_24],[1;3;4;5],[2_24];[1_24];[1_24]
14,5,1,17,20,2432,[17_20];[16_18];[16_20];[17_21];[16_17];[16_19];[17_19],[1;3;4;5],[17_21];[17_21];[17_21]
14,6,2,16,18,821,[19_15];[16_18];[19_17];[18_17];[16_17];[16_19];[17_17],[0;2;6;7;8;9],[16_17];[16_18];[16_19]
14,7,2,13,21,866,[14_20];[15_21];[14_21];[13_21],[0;2;6;7;8;9],[13_21];[13_21];[14_21]
14,8,2,22,7,1654,[22_6];[20_9];[21_8];[20_7];[22_8];[19_8];[20_8];[19_9];[23_7];[23_6],[0;2;6;7;8;9],[23_6];[23_6];[23_7]
14,9,2,1,16,2207,[0_16];[1_16];[0_17],[0;2;6;7;8;9],[0_17];[0_17];[1_16]
15,0,2,4,2,1485,[3_5];[3_3];[4_3];[3_2];[4_4];[3_4];[4_2];[4_5],[0;2;6;7;8;9],[3_2];[4_2];[4_2]
15,1,1,23,4,1283,[23_5];[24_4];[24_6];[23_4];[24_5];[23_6],[1;3;4;5],[23_6];[23_5];[23_5]
15,2,2,22,8,2476,[21_8];[19_8];[19_9];[22_6];[22_7];[22_8],[0;2;6;7;8;9],[22_6];[22_6];[22_7]
15,3,1,23,24,2311,[24_23];[22_24];[24_24];[23_23];[23_24],[1;3;4;5],[22_24];[22_24];[22_24]
15,4,1,1,24,2170,[0_23];[2_24];[1_24];[1_23];[0_24],[1;3;4;5],[2_24];[1_23]
15,5,1,17,21,2433,[17_20];[16_18];[16_20];[17_21];[16_17];[16_19];[17_19],[1;3;4;5],[17_20]
15,6,2,16,19,822,[19_15];[16_18];[19_17];[18_17];[16_17];[16_19];[17_17],[0;2;6;7;8;9],[16_18];[16_19];[16_19]
15,7,2,12,21,867,[14_20];[15_21];[12_21];[14_21];[13_21],[0;2;6;7;8;9],[14_21];[12_21]
15,8,2,23,8,1655,[22_6];[23_8];[20_9];[21_8];[20_7];[22_8];[22_7];[19_8];[20_8];[19_9];[23_7];[23_6],[0;2;6;7;8;9],[23_7];[22_7];[23_8]
15,9,2,0,16,2208,[0_16];[1_16];[0_17],[0;2;6;7;8;9],[0_17];[1_16];[1_16]
16,0,2,2,2,1486,[3_5];[3_3];[4_3];[3_2];[4_4];[3_4];[2_2];[4_2];[4_5],[0;2;6;7;8;9],[4_2];[4_2];[2_2]
16,1,1,23,3,1284,[23_5];[24_4];[24_6];[23_4];[24_5];[23_6];[23_3],[1;3;4;5],[23_5];[23_5];[23_3]
16,2,2,23,7,2477,[23_7];[21_8];[19_8];[19_9];[22_6];[22_7];[22_8],[0;2;6;7;8;9],[22_7];[22_8];[23_7]
16,3,1,24,24,2312,[24_23];[22_24];[24_24];[23_23];[23_24],[1;3;4;5],[23_24]
16,4,1,1,23,2171,[0_23];[2_24];[1_24];[1_23];[0_24],[1;3;4;5],[2_24];[1_23];[1_24]
16,5,1,18,21,2434,[16_18];[18_21];[16_17];[17_21];[16_19];[17_19];[16_20];[17_20],[1;3;4;5],[17_20];[18_21]
16,6,2,16,19,823,[19_15];[16_18];[19_17];[18_17];[16_17];[16_19];[17_17],[0;2;6;7;8;9],[16_19];[16_19];[16_19]
16,7,2,13,21,868,[14_20];[15_21];[12_21];[14_21];[13_21],[0;2;6;7;8;9],[14_21];[12_21];[12_21]
16,8,2,24,8,1656,[22_6];[23_8];[20_9];[21_8];[20_7];[22_8];[22_7];[19_8];[20_8];[19_9];[23_7];[23_6],[0;2;6;7;8;9],[22_7];[23_8];[23_8]
16,9,2,0,15,2209,[0_15];[0_17];[0_16];[1_16],[0;2;6;7;8;9],[1_16];[1_16];[0_15]
17,0,2,3,2,1487,[3_5];[3_3];[4_3];[3_2];[4_4];[3_4];[2_2];[4_2];[4_5],[0;2;6;7;8;9],[2_2];[2_2]
17,1,1,24,4,1285,[23_5];[24_4];[24_6];[23_4];[24_5];[23_6];[23_3],[1;3;4;5],[23_3];[23_3];[24_4]
17,2,2,22,7,2478,[23_7];[21_8];[19_8];[22_6];[22_7];[22_8],[0;2;6;7;8;9],[22_8];[23_7];[22_7]
17,3,1,24,23,2313,[24_23];[22_24];[24_24];[23_23];[23_24],[1;3;4;5],[23_24];[24_23]
17,4,1,0,24,2172,[0_23];[2_24];[1_24];[1_23];[0_24],[1;3;4;5],[1_24];[1_23];[0_24]
17,5,1,19,21,2435,[16_18];[18_21];[16_17];[17_21];[16_19];[17_19];[16_20];[17_20],[1;3;4;5],[17_20];[18_21];[18_21]
17,6,2,16,18,824,[19_15];[16_18];[19_17];[18_17];[16_17];[16_19];[17_17],[0;2;6;7;8;9],[16_19];[16_19];[16_19]
17,7,2,14,21,869,[14_20];[15_21];[12_21];[14_21];[13_21],[0;2;6;7;8;9],[12_21];[12_21];[13_21]
17,8,2,24,9,1657,[22_6];[23_8];[20_9];[21_8];[20_7];[22_8];[22_7];[24_8];[19_8];[20_8];[19_9];[23_7];[23_6],[0;2;6;7;8;9],[23_8];[23_8];[24_8]
17,9,2,0,16,2210,[0_15];[0_17];[0_16];[1_16],[0;2;6;7;8;9],[1_16];[0_15];[0_15]
18,0,2,4,2,1488,[3_5];[3_3];[4_3];[3_2];[4_4];[3_4];[2_2];[4_2];[4_5],[0;2;6;7;8;9],[2_2];[2_2];[4_2]
18,1,1,23,4,1286,[24_4];[24_6];[23_4];[24_5];[23_6];[23_3],[1;3;4;5],[23_3];[24_4];[24_4]
18,2,2,22,8,2479,[23_7];[21_8];[22_6];[22_7];[22_8],[0;2;6;7;8;9],[23_7];[22_7];[22_7]
18,3,1,23,23,2314,[24_23];[22_24];[24_24];[23_23];[23_24],[1;3;4;5],[23_24];[24_23];[23_23]
18,4,1,1,24,2173,[0_23];[2_24];[1_24];[1_23],[1;3;4;5],[1_24];[0_24];[0_24]
18,5,1,18,21,2436,[19_21];[16_18];[18_21];[17_21];[16_19];[17_19];[16_20];[17_20],[1;3;4;5],[18_21];[18_21];[19_21]
18,6,2,16,19,825,[19_15];[16_18];[19_17];[18_17];[16_17];[16_19];[17_17],[0;2;6;7;8;9],[16_18]
18,7,2,13,22,870,[14_20];[12_21];[13_22];[14_21];[13_21],[0;2;6;7;8;9],[13_21];[14_21];[13_22]
18,8,2,24,10,1658,[22_6];[23_8];[21_8];[20_7];[22_8];[22_7];[24_8];[19_8];[20_8];[19_9];[23_7];[24_10];[23_6],[0;2;6;7;8;9],[23_8];[24_8];[24_10]
18,9,2,0,16,2211,[0_15];[0_17];[0_16];[1_16],[0;2;6;7;8;9],[0_15];[0_15];[0_16]
19,0,2,3,2,1489,[3_5];[3_3];[4_3];[3_2];[3_4];[2_2];[4_2];[4_5],[0;2;6;7;8;9],[2_2];[4_2];[4_2]
19,1,1,24,4,1287,[24_4];[24_6];[23_4];[24_5];[23_6];[23_3],[1;3;4;5],[24_4];[24_4];[23_4]
19,2,2,22,7,2480,[23_7];[22_6];[22_7];[22_8],[0;2;6;7;8;9],[22_7];[22_7];[22_8]
19,3,1,23,24,2315,[24_23];[22_24];[24_24];[23_24],[1;3;4;5],[24_23];[23_23];[23_23]
19,4,1,1,23,2174,[0_23];[2_24];[1_24];[1_23],[1;3;4;5],[0_24];[0_24];[1_24]
19,5,1,18,22,2437,[19_21];[16_18];[18_21];[17_21];[16_19];[17_19];[18_22];[16_20];[17_20],[1;3;4;5],[18_21];[19_21];[18_22]
19,6,2,16,18,826,[19_15];[16_18];[19_17];[16_17];[16_19];[17_17],[0;2;6;7;8;9],[16_18];[16_19]
19,7,2,13,23,871,[14_20];[12_21];[13_22];[14_21];[13_21],[0;2;6;7;8;9],[14_21];[13_22];[13_22]
19,8,2,24,11,1659,[22_6];[23_8];[21_8];[20_7];[22_8];[22_7];[24_8];[19_8];[19_9];[23_7];[24_10];[23_6],[0;2;6;7;8;9],[24_8];[24_10];[24_10]
19,9,2,0,16,2212,[0_15];[0_17];[0_16],[0;2;6;7;8;9],[0_15];[0_16];[0_16]
20,0,2,2,2,1490,[3_5];[3_3];[4_3];[3_2];[3_4];[2_2];[4_2],[0;2;6;7;8;9],[4_2];[4_2];[2_2]
20,1,1,23,4,1288,[24_4];[24_6];[23_4];[24_5];[23_6];[23_3],[1;3;4;5],[24_4];[23_4];[24_4]
20,2,2,22,8,2481,[23_7];[22_6];[22_7];[22_8],[0;2;6;7;8;9],[22_7];[22_8];[22_7]
20,3,1,22,24,2316,[24_23];[22_24];[24_24];[23_24],[1;3;4;5],[23_23];[23_23];[22_24]
20,4,1,2,23,2175,[0_23];[2_24];[1_24];[1_23];[2_23],[1;3;4;5],[0_24];[0_24];[2_23]
20,5,1,18,22,2438,[19_21];[18_21];[17_21];[16_19];[17_19];[18_22];[16_20];[17_20],[1;3;4;5],[18_22];[18_22];[18_22]
20,6,2,16,19,827,[19_15];[16_18];[19_17];[16_17];[16_19];[17_17],[0;2;6;7;8;9],[16_18];[16_19];[16_18]
20,7,2,12,23,872,[13_23];[14_20];[12_21];[13_22];[14_21];[13_21],[0;2;6;7;8;9],[13_22];[13_22];[13_23]
20,8,2,24,10,1660,[22_6];[23_8];[21_8];[20_7];[22_8];[22_7];[24_11];[24_8];[19_8];[19_9];[23_7];[24_10];[23_6],[0;2;6;7;8;9],[24_10];[24_10];[24_11]
20,9,2,0,17,2213,[0_15];[0_17];[0_16],[0;2;6;7;8;9],[0_16];[0_16];[0_17]
21,0,2,1,2,1491,[1_2];[3_3];[4_3];[3_2];[3_4];[2_2];[4_2],[0;2;6;7;8;9],[4_2];[4_2];[1_2]
21,1,1,24,4,1289,[24_4];[24_6];[24_5];[23_6];[23_3],[1;3;4;5],[23_4];[23_4]
21,2,2,22,7,2482,[23_7];[22_6];[22_7],[0;2;6;7;8;9],[22_8];[22_8]
21,3,1,24,24,2317,[24_23];[22_24];[24_24];[23_24],[1;3;4;5],[22_24];[22_24];[24_24]
21,4,1,1,23,2176,[0_23];[2_24];[1_23];[2_23],[1;3;4;5],[0_24];[2_23];[2_23]
21,5,1,18,23,2439,[19_21];[18_21];[17_21];[17_19];[18_22];[16_20];[18_23];[17_20],[1;3;4;5],[18_22];[18_22];[18_23]
21,6,2,16,20,828,[19_15];[16_18];[19_17];[16_17];[16_19];[16_20];[17_17],[0;2;6;7;8;9],[16_19];[16_18];[16_20]
21,7,2,12,24,873,[13_23];[14_20];[12_21];[13_22];[12_24];[13_21],[0;2;6;7;8;9],[13_22];[13_23];[12_24]
21,8,2,24,12,1661,[22_6];[23_8];[21_8];[20_7];[22_8];[22_7];[24_11];[24_8];[24_12];[19_9];[23_7];[24_10];[23_6],[0;2;6;7;8;9],[24_11];[24_12]
21,9,2,0,16,2214,[0_15];[0_17];[0_16],[0;2;6;7;8;9],[0_17];[0_17]
22,0,2,1,1,1492,[1_2];[3_3];[4_3];[3_2];[3_4];[2_2];[4_2],[0;2;6;7;8;9],[4_2];[1_2];[1_2]
22,1,1,23,3,1290,[24_4];[24_6];[24_5];[23_6];[23_3],[1;3;4;5],[23_4];[24_4];[23_3]
22,2,2,22,6,2483,[23_7];[22_6];[22_7],[0;2;6;7;8;9],[22_8];[22_8];[22_6]
22,3,1,24,23,2318,[24_23];[22_24];[24_24];[23_24],[1;3;4;5],[22_24];[24_24];[24_23]
22,4,1,1,24,2177,[0_23];[2_24];[1_23];[2_23],[1;3;4;5],[2_23];[2_23];[1_23]
22,5,1,19,23,2440,[19_21];[18_21];[17_21];[17_19];[18_22];[18_23];[17_20],[1;3;4;5],[18_23];[18_23]
22,6,2,16,20,829,[19_15];[16_18];[16_17];[16_19];[16_20];[17_17],[0;2;6;7;8;9],[16_20];[16_20];[16_20]
22,7,2,12,23,874,[13_23];[14_20];[12_21];[13_22];[12_24];[13_21],[0;2;6;7;8;9],[13_23];[12_24];[12_24]
22,8,2,24,11,1662,[22_6];[23_8];[21_8];[22_8];[22_7];[24_11];[24_8];[24_12];[19_9];[23_7];[24_10];[23_6],[0;2;6;7;8;9],[24_11];[24_12];[24_12]
22,9,2,0,16,2215,[0_15];[0_17];[0_16],[0;2;6;7;8;9],[0_17];[0_17];[0_16]
23,0,2,1,0,1493,[1_2];[3_3];[4_3];[3_2];[1_0];[2_2];[4_2],[0;2;6;7;8;9],[1_2];[1_2];[1_0]
23,1,1,23,2,1291,[24_4];[24_6];[23_2];[24_5];[23_6];[23_3],[1;3;4;5],[24_4];[23_3];[23_2]
23,2,2,21,7,2484,[23_7];[21_7];[22_6];[22_7],[0;2;6;7;8;9],[22_6];[22_6];[21_7]
23,3,1,24,24,2319,[24_23];[22_24];[24_24],[1;3;4;5],[24_24];[24_23];[24_23]
23,4,1,1,22,2178,[0_23];[2_24];[1_24];[1_23];[2_23];[1_22],[1;3;4;5],[1_23];[1_24];[1_22]
23,5,1,18,23,2441,[19_21];[18_21];[17_21];[17_19];[18_22];[18_23];[17_20],[1;3;4;5],[18_23];[18_23];[18_23]
23,6,2,16,19,830,[19_15];[16_18];[16_17];[16_19];[16_20];[17_17],[0;2;6;7;8;9],[16_20];[16_20];[16_20]
23,7,2,13,23,875,[13_23];[14_20];[12_23];[12_21];[13_22];[12_24];[13_21],[0;2;6;7;8;9],[12_24];[12_24];[12_23]
23,8,2,24,10,1663,[22_6];[23_8];[21_8];[22_8];[22_7];[24_11];[24_8];[24_12];[19_9];[23_7];[24_10];[23_6],[0;2;6;7;8;9],[24_12];[24_12];[24_11]
23,9,2,0,16,2216,[0_15];[0_17];[0_16],[0;2;6;7;8;9],[0_17];[0_16];[0_16]
24,0,2,2,0,1494,[1_2];[4_3];[3_2];[1_0];[2_2];[4_2];[2_0],[0;2;6;7;8;9],[1_2];[1_0];[2_0]
24,1,1,22,2,1292,[24_4];[24_6];[23_2];[24_5];[23_6];[23_3],[1;3;4;5],[23_3];[23_2];[23_2]
24,2,2,21,6,2485,[23_7];[21_7];[21_6];[22_6];[22_7],[0;2;6;7;8;9],[22_6];[21_7];[21_6]
24,3,1,23,24,2320,[24_23];[22_24];[24_24],[1;3;4;5],[24_23];[24_23];[24_24]
24,4,1,1,23,2179,[0_23];[2_24];[1_24];[1_23];[2_23];[1_22],[1;3;4;5],[1_24];[1_22];[1_22]
24,5,1,17,23,2442,[19_21];[18_21];[17_21];[18_22];[17_23];[18_23];[17_20],[1;3;4;5],[18_23];[18_23];[17_23]
24,6,2,16,20,831,[19_15];[16_18];[16_17];[16_19];[16_20];[17_17],[0;2;6;7;8;9],[16_20];[16_20];[16_20]
24,7,2,14,23,876,[14_23];[13_22];[13_21];[12_23];[14_20];[12_21];[12_24];[13_23],[0;2;6;7;8;9],[12_24];[12_23];[14_23]
24,8,2,24,11,1664,[22_6];[23_8];[21_8];[22_8];[22_7];[24_11];[24_8];[24_12];[23_7];[24_10];[23_6],[0;2;6;7;8;9],[24_12];[24_12];[24_10]
24,9,2,0,16,2217,[0_15];[0_17];[0_16],[0;2;6;7;8;9],[0_16];[0_16];[0_16]
25,0,2,2,0,1495,[1_2];[4_3];[3_2];[1_0];[2_2];[4_2];[2_0],[0;2;6;7;8;9],[1_0];[2_0];[2_0]
25,1,1,23,2,1293,[22_2];[24_4];[24_6];[23_2];[24_5];[23_6];[23_3],[1;3;4;5],[23_2];[23_2];[22_2]
25,2,2,22,7,2486,[23_7];[21_7];[21_6];[22_6];[22_7],[0;2;6;7;8;9],[21_6];[21_6];[22_7]
25,3,1,24,24,2321,[24_23];[22_24];[24_24],[1;3;4;5],[24_23];[24_24];[24_24]
25,4,1,1,24,2180,[0_23];[2_24];[1_24];[1_23];[2_23];[1_22],[1;3;4;5],[1_22];[1_22];[1_23]
25,5,1,17,22,2443,[19_21];[18_21];[17_21];[18_22];[17_23];[18_23];[17_20],[1;3;4;5],[17_23];[17_23]
25,6,2,16,19,832,[19_15];[16_18];[16_17];[16_19];[16_20];[17_17],[0;2;6;7;8;9],[16_20];[16_20];[16_20]
25,7,2,13,24,877,[14_23];[13_22];[12_23];[14_20];[12_21];[13_24];[12_24];[13_23],[0;2;6;7;8;9],[14_23];[14_23];[13_24]
25,8,2,24,10,1665,[22_6];[23_8];[21_8];[22_8];[22_7];[24_11];[24_8];[24_12];[23_7];[24_10];[23_6],[0;2;6;7;8;9],[24_12];[24_10];[24_10]
25,9,2,0,16,2218,[0_15];[0_17];[0_16],[0;2;6;7;8;9],[0_16];[0_16];[0_16]
26,0,2,2,0,1496,[1_2];[4_3];[3_2];[1_0];[2_2];[4_2];[2_0],[0;2;6;7;8;9],[2_0];[2_0];[2_0]
26,1,1,22,2,1294,[22_2];[24_4];[24_6];[23_2];[24_5];[23_6];[23_3],[1;3;4;5],[23_2];[22_2];[23_2]
26,2,2,22,8,2487,[23_7];[21_7];[21_6];[22_6];[22_7],[0;2;6;7;8;9],[21_6];[22_7];[22_7]
26,3,1,23,24,2322,[24_23];[22_24];[24_24],[1;3;4;5],[24_24];[24_24];[24_24]
26,4,1,2,24,2181,[0_23];[2_24];[1_24];[1_23];[2_23];[1_22],[1;3;4;5],[1_22];[1_23];[2_24]
26,5,1,17,21,2444,[19_21];[18_21];[17_21];[18_22];[17_23];[18_23];[17_22],[1;3;4;5],[17_23];[17_23];[17_22]
26,6,2,16,18,833,[16_18];[16_17];[16_19];[16_20];[17_17],[0;2;6;7;8;9],[16_18]
26,7,2,13,23,878,[14_23];[13_22];[12_23];[14_20];[12_21];[13_24];[12_24];[13_23],[0;2;6;7;8;9],[14_23];[13_24];[13_24]
26,8,2,24,11,1666,[22_6];[23_8];[22_8];[22_7];[24_11];[24_8];[24_12];[23_7];[24_10];[23_6],[0;2;6;7;8;9],[24_10];[24_10];[24_10]
26,9,2,0,15,2219,[0_15];[0_17];[0_16],[0;2;6;7;8;9],[0_15]
27,0,2,1,0,1497,[1_2];[4_3];[1_0];[2_2];[4_2];[2_0],[0;2;6;7;8;9],[2_0];[2_0];[1_0]
27,1,1,23,2,1295,[22_2];[24_4];[24_6];[23_2];[23_6];[23_3],[1;3;4;5],[22_2];[22_2]
27,2,2,22,7,2488,[23_7];[21_7];[21_6];[22_6];[22_7];[22_8],[0;2;6;7;8;9],[22_7];[22_7];[22_8]
27,3,1,24,24,2323,[24_23];[22_24];[24_24];[23_24],[1;3;4;5],[24_24];[24_24];[23_24]
27,4,1,1,24,2182,[0_23];[2_24];[1_24];[1_23];[2_23];[1_22],[1;3;4;5],[1_23];[2_24];[1_24]
27,5,1,17,20,2445,[19_21];[18_21];[17_21];[18_22];[17_23];[18_23];[17_22],[1;3;4;5],[17_23];[17_22];[17_21]
27,6,2,16,19,834,[16_18];[16_17];[16_19];[16_20];[17_17],[0;2;6;7;8;9],[16_18];[16_18]
27,7,2,12,23,879,[14_23];[13_22];[12_23];[14_20];[12_21];[13_24];[12_24];[13_23],[0;2;6;7;8;9],[13_24];[13_24];[13_23]
27,8,2,24,9,1667,[22_6];[23_8];[24_9];[22_7];[24_11];[24_8];[24_12];[23_7];[24_10];[23_6],[0;2;6;7;8;9],[24_11];[24_9]
27,9,2,0,16,2220,[0_15];[0_17],[0;2;6;7;8;9],[0_15];[0_15]
28,0,2,1,1,1498,[1_2];[4_3];[1_0];[2_2];[4_2];[2_0],[0;2;6;7;8;9],[1_0];[1_0]
28,1,1,22,3,1296,[22_2];[22_3];[24_4];[24_6];[23_2];[23_6];[23_3],[1;3;4;5],[22_2];[23_2];[22_3]
28,2,2,22,8,2489,[23_7];[21_7];[21_6];[22_7];[22_8],[0;2;6;7;8;9],[22_7];[22_8];[22_7]
28,3,1,23,23,2324,[24_23];[22_24];[23_23];[23_24],[1;3;4;5],[23_24];[23_23]
28,4,1,1,23,2183,[0_23];[2_24];[1_24];[1_23];[2_23];[1_22],[1;3;4;5],[2_24];[1_24];[1_24]
28,5,1,18,21,2446,[19_21];[18_21];[18_22];[17_23];[18_23];[17_22];[17_20],[1;3;4;5],[17_21];[17_20];[18_21]
28,6,2,16,18,835,[16_18];[16_17];[16_19];[16_20],[0;2;6;7;8;9],[16_18];[16_18];[16_19]
28,7,2,13,23,880,[14_23];[13_22];[12_23];[14_20];[12_21];[13_24];[12_24];[13_23],[0;2;6;7;8;9],[13_24];[13_23];[13_23]
28,8,2,24,11,1668,[23_8];[24_9];[22_7];[24_11];[24_8];[24_12];[23_7];[24_10],[0;2;6;7;8;9],[24_9];[24_9];[24_11]
28,9,2,0,16,2221,[0_15];[0_17],[0;2;6;7;8;9],[0_15];[0_15];[0_16]
29,0,2,0,1,1499,[0_1];[1_2];[4_3];[1_0];[2_2];[4_2];[2_0],[0;2;6;7;8;9],[1_0];[1_0];[0_1]
29,1,1,22,2,1297,[22_2];[22_3];[24_6];[23_2];[23_6];[23_3],[1;3;4;5],[23_2];[22_3];[22_3]
29,2,2,22,7,2490,[23_7];[21_7];[21_6];[22_7];[22_8],[0;2;6;7;8;9],[22_8];[22_8]
29,3,1,23,24,2325,[24_23];[22_24];[23_23];[23_24],[1;3;4;5],[23_24];[23_23];[23_23]
29,4,1,1,24,2184,[0_23];[2_24];[1_24];[1_23];[2_23];[1_22],[1;3;4;5],[1_24];[1_24];[1_23]
29,5,1,19,21,2447,[19_21];[18_21];[18_22];[17_23];[18_23];[17_22];[17_20],[1;3;4;5],[17_20];[18_21];[18_21]
29,6,2,16,20,836,[16_18];[16_19];[16_20],[0;2;6;7;8;9],[16_19];[16_20]
29,7,2,12,23,881,[14_23];[13_22];[12_23];[14_20];[12_21];[13_24];[12_24];[13_23],[0;2;6;7;8;9],[13_23];[13_23];[13_23]
29,8,2,23,10,1669,[23_8];[24_9];[23_10];[22_7];[24_11];[24_8];[24_12];[24_10],[0;2;6;7;8;9],[24_11];[24_11];[23_10]
29,9,2,0,16,2222,[0_15];[0_17],[0;2;6;7;8;9],[0_15];[0_16];[0_16]
30,0,2,1,2,1500,[0_1];[1_2];[1_0];[2_2];[4_2];[2_0],[0;2;6;7;8;9],[0_1];[0_1];[1_2]
30,1,1,22,1,1298,[22_2];[22_3];[22_1];[24_6];[23_2];[23_6];[23_3],[1;3;4;5],[22_3];[22_3];[22_1]
30,2,2,22,7,2491,[23_7];[21_7];[21_6];[22_7];[22_8],[0;2;6;7;8;9],[22_8];[22_7];[22_7]
30,3,1,24,24,2326,[24_23];[22_24];[23_23];[23_24],[1;3;4;5],[23_23];[23_23];[23_24]
30,4,1,1,24,2185,[0_23];[2_24];[1_24];[2_23];[1_22],[1;3;4;5],[1_23];[1_24];[1_24]
30,5,1,18,21,2448,[19_21];[18_21];[18_22];[17_23];[18_23];[17_22];[17_20],[1;3;4;5],[18_21];[18_21];[19_21]
30,6,2,16,19,837,[16_19];[16_20],[0;2;6;7;8;9],[16_19];[16_20];[16_20]
30,7,2,13,23,882,[14_23];[13_22];[12_23];[14_20];[12_21];[13_24];[12_24];[13_23],[0;2;6;7;8;9],[13_23];[13_23];[12_23]
30,8,2,24,10,1670,[23_8];[24_9];[23_10];[24_11];[24_8];[24_12];[24_10],[0;2;6;7;8;9],[24_11];[23_10];[23_10]
30,9,2,0,15,2223,[0_15];[0_17],[0;2;6;7;8;9],[0_16];[0_16];[0_15]
31,0,2,1,1,1501,[0_1];[1_2];[1_0];[2_2];[2_0],[0;2;6;7;8;9],[0_1];[1_2];[1_2]
31,1,1,22,2,1299,[22_2];[22_3];[22_1];[24_6];[23_2];[23_6];[23_3],[1;3;4;5],[22_3];[22_1];[22_2]
31,2,2,22,8,2492,[23_7];[21_7];[21_6];[22_7];[22_8],[0;2;6;7;8;9],[22_7];[22_7];[22_7]
31,3,1,23,24,2327,[24_23];[22_24];[24_24];[23_23];[23_24],[1;3;4;5],[23_23];[23_23];[24_24]
31,4,1,1,23,2186,[0_23];[2_24];[1_24];[2_23];[1_22],[1;3;4;5],[1_24];[1_24];[1_24]
31,5,1,19,21,2449,[19_21];[18_21];[18_22];[17_23];[18_23];[17_22];[17_20],[1;3;4;5],[18_21];[19_21];[18_21]
31,6,2,15,19,838,[16_19];[16_20];[15_19],[0;2;6;7;8;9],[16_20];[16_20];[15_19]
31,7,2,12,24,883,[14_23];[13_22];[12_23];[14_20];[12_21];[13_24];[12_24];[13_23],[0;2;6;7;8;9],[12_23];[12_24]
31,8,2,24,11,1671,[24_9];[23_10];[24_11];[24_8];[24_12];[24_10],[0;2;6;7;8;9],[23_10];[23_10];[24_10]
31,9,2,0,16,2224,[0_15];[0_17],[0;2;6;7;8;9],[0_16];[0_15];[0_15]
32,0,2,2,1,1502,[0_1];[1_2];[1_1];[1_0];[2_2];[2_0],[0;2;6;7;8;9],[1_2];[1_2];[1_1]
32,1,1,23,2,1300,[22_2];[22_3];[22_1];[24_6];[23_2];[23_6];[23_3],[1;3;4;5],[22_1];[22_2];[22_2]
32,2,2,22,7,2493,[23_7];[21_7];[21_6];[22_7];[22_8],[0;2;6;7;8;9],[22_7];[22_7];[22_8]
32,3,1,23,23,2328,[24_23];[22_24];[24_24];[23_23];[23_24],[1;3;4;5],[23_23];[24_24];[23_23]
32,4,1,1,24,2187,[0_23];[2_24];[1_24];[1_23];[2_23];[1_22],[1;3;4;5],[1_24];[1_24];[1_23]
32,5,1,18,21,2450,[19_21];[18_21];[18_22];[17_23];[18_23];[17_22];[17_20],[1;3;4;5],[19_21];[19_21]
32,6,2,17,19,839,[17_19];[16_19];[16_20];[15_19],[0;2;6;7;8;9],[15_19];[15_19];[17_19]
32,7,2,12,23,884,[14_23];[13_22];[12_23];[12_21];[13_24];[12_24];[13_23],[0;2;6;7;8;9],[12_23];[12_24];[12_24]
32,8,2,23,11,1672,[24_9];[23_11];[23_10];[24_11];[24_8];[24_12];[24_10],[0;2;6;7;8;9],[23_10];[24_10];[23_11]
32,9,2,0,15,2225,[0_15];[0_17],[0;2;6;7;8;9],[0_15];[0_15];[0_15]
33,0,2,2,2,1503,[0_1];[1_2];[1_1];[1_0];[2_2];[2_0],[0;2;6;7;8;9],[1_2];[1_1];[2_2]
33,1,1,22,2,1301,[22_2];[22_3];[22_1];[24_6];[23_2];[23_6];[23_3],[1;3;4;5],[22_2];[22_2];[23_2]
33,2,2,22,8,2494,[23_7];[21_7];[21_6];[22_8],[0;2;6;7;8;9],[22_7];[22_8];[22_7]
33,3,1,23,24,2329,[24_23];[22_24];[24_24];[23_23];[23_24],[1;3;4;5],[24_24];[23_23];[23_23]
33,4,1,1,23,2188,[0_23];[2_24];[1_24];[1_23];[2_23];[1_22],[1;3;4;5],[1_24];[1_23];[1_24]
33,5,1,18,20,2451,[19_21];[18_21];[18_20];[18_22];[17_23];[18_23];[17_22];[17_20],[1;3;4;5],[19_21];[19_21];[18_20]
33,6,2,17,20,840,[17_19];[16_19];[16_20];[15_19],[0;2;6;7;8;9],[15_19];[17_19];[17_19]
33,7,2,13,23,885,[14_23];[13_22];[12_23];[12_21];[13_24];[12_24];[13_23],[0;2;6;7;8;9],[12_24];[12_24];[12_23]
33,8,2,24,11,1673,[24_9];[23_11];[23_10];[24_11];[24_12];[24_10],[0;2;6;7;8;9],[24_10];[23_11];[24_11]
33,9,2,0,16,2226,[0_15];[0_17];[0_16],[0;2;6;7;8;9],[0_16]
34,0,2,2,1,1504,[0_1];[1_2];[2_1];[1_1];[1_0];[2_2];[2_0],[0;2;6;7;8;9],[1_1];[2_2];[2_1]
34,1,1,23,2,1302,[22_2];[22_3];[22_1];[24_6];[23_2];[23_6];[23_3],[1;3;4;5],[22_2];[23_2];[22_2]
34,2,2,22,7,2495,[23_7];[21_7];[21_6];[22_8],[0;2;6;7;8;9],[22_8];[22_8]
34,3,1,23,24,2330,[24_23];[22_24];[24_24];[23_23];[23_24],[1;3;4;5],[24_24];[23_24];[23_24]
34,4,1,1,24,2189,[0_23];[2_24];[1_24];[1_23];[2_23];[1_22],[1;3;4;5],[1_23];[1_24];[1_24]
34,5,1,18,19,2452,[19_21];[18_21];[18_20];[18_22];[17_23];[18_23];[18_19];[17_22];[17_20],[1;3;4;5],[19_21];[18_20];[18_19]
34,6,2,17,21,841,[17_20];[17_19];[16_19];[16_20];[15_19],[0;2;6;7;8;9],[17_19];[17_19];[17_20]
34,7,2,12,23,886,[14_23];[13_22];[12_23];[13_24];[12_24];[13_23],[0;2;6;7;8;9],[12_24];[12_24];[13_23]
34,8,2,24,10,1674,[24_9];[23_11];[23_10];[24_11];[24_12],[0;2;6;7;8;9],[23_11];[24_11];[24_10]
34,9,2,0,16,2227,[0_15];[0_17];[0_16],[0;2;6;7;8;9],[0_16];[0_16]
35,0,2,1,1,1505,[0_1];[1_2];[2_1];[1_1];[1_0];[2_2];[2_0],[0;2;6;7;8;9],[2_2];[2_1];[2_1]
35,1,1,24,2,1303,[23_2];[23_6];[22_2];[24_2];[22_3];[23_3];[22_1],[1;3;4;5],[23_2];[24_2]
35,2,2,22,9,2496,[23_7];[21_7];[21_6];[22_9];[22_7];[22_8],[0;2;6;7;8;9],[22_8];[22_7];[22_9]
35,3,1,22,24,2331,[22_24];[24_24];[23_23];[23_24],[1;3;4;5],[23_24];[23_24];[22_24]
35,4,1,2,24,2190,[0_23];[2_24];[1_24];[1_23];[2_23];[1_22],[1;3;4;5],[1_23];[2_24]
35,5,1,17,19,2453,[19_21];[18_20];[17_19];[18_22];[17_23];[18_23];[18_19];[17_22];[17_20],[1;3;4;5],[18_20];[18_19];[17_19]
35,6,2,17,20,842,[17_21];[17_20];[17_19];[16_20];[15_19],[0;2;6;7;8;9],[17_19];[17_20];[17_21]
35,7,2,11,23,887,[14_23];[13_22];[12_23];[13_24];[12_24];[13_23];[11_23],[0;2;6;7;8;9],[12_24];[13_23];[11_23]
35,8,2,24,11,1675,[24_9];[23_11];[23_10];[24_11];[24_12],[0;2;6;7;8;9],[24_11];[24_10];[24_10]
35,9,2,0,16,2228,[0_15];[0_17];[0_16],[0;2;6;7;8;9],[0_16];[0_16];[0_16]
36,0,2,2,1,1506,[0_1];[1_2];[2_1];[1_1];[1_0];[2_2];[2_0],[0;2;6;7;8;9],[2_1];[2_1];[1_1]
36,1,1,24,2,1304,[23_2];[22_2];[24_2];[22_3];[23_3];[22_1],[1;3;4;5],[24_2];[24_2];[24_2]
36,2,2,22,8,2497,[23_7];[21_7];[21_6];[22_9];[22_7];[22_8],[0;2;6;7;8;9],[22_7];[22_9];[22_9]
36,3,1,21,24,2332,[21_24];[22_24];[24_24];[23_23];[23_24],[1;3;4;5],[23_24];[22_24];[21_24]
36,4,1,1,24,2191,[0_23];[2_24];[1_24];[1_23];[2_23];[1_22],[1;3;4;5],[1_23];[2_24];[2_24]
36,5,1,17,19,2454,[19_21];[18_20];[17_19];[18_22];[17_23];[18_23];[18_19];[17_22];[17_20],[1;3;4;5],[17_19];[17_19];[17_19]
36,6,2,17,21,843,[17_21];[17_20];[17_19];[16_20];[15_19],[0;2;6;7;8;9],[17_20];[17_21];[17_20]
36,7,2,11,22,888,[11_22];[14_23];[12_23];[13_24];[12_24];[13_23];[11_23],[0;2;6;7;8;9],[13_23];[11_23];[11_22]
36,8,2,24,10,1676,[24_9];[23_11];[23_10];[24_11];[24_12],[0;2;6;7;8;9],[24_10];[24_10];[24_11]
36,9,2,0,16,2229,[0_15];[0_17];[0_16],[0;2;6;7;8;9],[0_16];[0_16];[0_16]
37,0,2,0,1,1507,[0_1];[1_2];[2_1];[1_1];[1_0];[2_0],[0;2;6;7;8;9],[1_1];[0_1]
37,1,1,23,2,1305,[23_2];[22_2];[24_2];[22_3];[23_3];[22_1],[1;3;4;5],[24_2];[24_2];[24_2]
37,2,2,22,7,2498,[23_7];[21_7];[21_6];[22_9];[22_7];[22_8],[0;2;6;7;8;9],[22_9];[22_9];[22_8]
37,3,1,21,23,2333,[21_24];[22_24];[24_24];[23_23];[23_24],[1;3;4;5],[22_24];[21_24];[21_24]
37,4,1,2,23,2192,[2_24];[1_24];[1_23];[2_23];[1_22],[1;3;4;5],[2_24];[1_24];[2_23]
37,5,1,17,20,2455,[19_21];[18_20];[17_19];[18_22];[17_23];[18_23];[18_19];[17_22];[17_20],[1;3;4;5],[17_19];[17_19];[17_19]
37,6,2,17,21,844,[17_21];[17_20];[17_19];[16_20];[15_19],[0;2;6;7;8;9],[17_21];[17_21];[17_21]
37,7,2,11,21,889,[11_22];[14_23];[12_23];[13_24];[12_24];[13_23];[11_23],[0;2;6;7;8;9],[11_23];[11_22];[11_22]
37,8,2,23,11,1677,[24_9];[23_11];[23_10];[24_11];[24_12];[24_10],[0;2;6;7;8;9],[24_10];[24_10];[23_11]
37,9,2,0,16,2230,[0_15];[0_17];[0_16],[0;2;6;7;8;9],[0_16];[0_16];[0_16]
38,0,2,1,1,1508,[0_1];[1_2];[2_1];[1_1];[1_0];[2_0],[0;2;6;7;8;9],[1_1];[0_1];[0_1]
38,1,1,22,2,1306,[23_2];[22_2];[24_2];[22_3];[22_1],[1;3;4;5],[23_2]
38,2,2,22,8,2499,[23_7];[21_7];[21_6];[22_9];[22_7];[22_8],[0;2;6;7;8;9],[22_9];[22_8];[22_7]
38,3,1,21,22,2334,[21_24];[22_24];[24_24];[21_22];[23_23];[23_24],[1;3;4;5],[21_24];[21_24];[21_22]
38,4,1,1,23,2193,[2_24];[1_24];[1_23];[2_23];[1_22],[1;3;4;5],[1_24];[2_23];[2_23]
38,5,1,17,21,2456,[19_21];[18_20];[17_19];[18_22];[17_23];[18_23];[18_19];[17_22];[17_20],[1;3;4;5],[17_20]
38,6,2,17,20,845,[17_21];[17_20];[17_19];[16_20];[15_19],[0;2;6;7;8;9],[17_21];[17_21];[17_21]
38,7,2,12,22,890,[11_22];[11_21];[14_23];[12_22];[12_23];[13_24];[12_24];[11_23],[0;2;6;7;8;9],[11_22];[11_21];[12_22]
38,8,2,22,11,1678,[24_9];[23_11];[23_10];[24_11];[24_12];[22_11];[24_10],[0;2;6;7;8;9],[23_11];[22_11]
38,9,2,1,16,2231,[0_15];[0_17];[0_16];[1_16],[0;2;6;7;8;9],[1_16]
39,0,2,2,1,1509,[0_1];[1_2];[2_1];[1_1];[1_0];[2_0],[0;2;6;7;8;9],[0_1];[0_1];[1_1]
39,1,1,21,2,1307,[23_2];[22_2];[24_2];[22_3];[21_2];[22_1],[1;3;4;5],[23_2];[21_2]
39,2,2,22,7,2500,[23_7];[21_7];[21_6];[22_9];[22_7];[22_8],[0;2;6;7;8;9],[22_8];[22_7];[22_8]
39,3,1,21,23,2335,[21_24];[22_24];[24_24];[21_22];[23_23];[23_24],[1;3;4;5],[21_24];[21_22];[21_22]
39,4,1,1,24,2194,[1_24];[1_23];[2_23];[1_22],[1;3;4;5],[2_23];[2_23];[1_23]
39,5,1,17,20,2457,[18_20];[17_19];[17_21];[18_22];[17_23];[18_23];[18_19];[17_22];[17_20],[1;3;4;5],[17_20];[17_21]
39,6,2,17,21,846,[17_21];[17_20];[17_19];[16_20];[15_19],[0;2;6;7;8;9],[17_20]
39,7,2,12,23,891,[11_22];[11_21];[14_23];[12_22];[12_23];[13_24];[12_24];[11_23],[0;2;6;7;8;9],[11_21];[12_22];[12_22]
39,8,2,22,12,1679,[24_9];[23_11];[23_10];[24_11];[24_12];[22_11];[24_10],[0;2;6;7;8;9],[23_11];[22_11];[22_11]
39,9,2,1,17,2232,[0_15];[1_17];[0_17];[0_16];[1_16],[0;2;6;7;8;9],[1_16];[1_17]
40,0,2,1,1,1510,[0_1];[2_1];[1_1];[1_0];[2_0],[0;2;6;7;8;9],[0_1];[0_1];[2_1]
40,1,1,21,1,1308,[23_2];[22_2];[24_2];[22_3];[21_2];[22_1],[1;3;4;5],[23_2];[21_2];[21_2]
40,2,2,22,9,2501,[23_7];[21_7];[21_6];[22_9];[22_7];[22_8],[0;2;6;7;8;9],[22_7];[22_7];[22_9]
40,3,1,21,22,2336,[21_24];[24_24];[21_22];[21_23];[23_23];[23_24],[1;3;4;5],[21_22];[21_22];[21_23]
40,4,1,1,23,2195,[1_24];[1_23];[2_23];[1_22],[1;3;4;5],[2_23];[1_23];[1_24]
40,5,1,17,21,2458,[18_20];[17_19];[17_21];[18_22];[17_23];[18_23];[18_19];[17_22];[17_20],[1;3;4;5],[17_20];[17_21];[17_20]
40,6,2,17,20,847,[17_21];[17_20];[17_19];[16_20];[15_19],[0;2;6;7;8;9],[17_20];[17_21]
40,7,2,13,23,892,[11_22];[11_21];[14_23];[12_22];[12_23];[13_24];[12_24];[11_23],[0;2;6;7;8;9],[12_22];[12_22];[12_23]
40,8,2,22,13,1680,[24_9];[23_11];[23_10];[22_12];[24_11];[24_12];[22_11];[24_10],[0;2;6;7;8;9],[22_11];[22_11];[22_12]
40,9,2,2,17,2233,[0_15];[1_17];[0_16];[1_16],[0;2;6;7;8;9],[1_16];[1_17];[1_17]
41,0,2,2,1,1511,[0_1];[2_1];[1_1];[1_0];[2_0],[0;2;6;7;8;9],[0_1];[2_1];[1_1]
41,1,1,20,1,1309,[22_2];[24_2];[22_3];[21_1];[21_2];[22_1],[1;3;4;5],[21_2];[21_2];[21_1]
41,2,2,23,9,2502,[23_7];[21_7];[21_6];[22_9];[23_9];[22_7];[22_8],[0;2;6;7;8;9],[22_7];[22_9];[23_9]
41,3,1,22,22,2337,[21_24];[24_24];[21_22];[21_23];[22_22];[23_23];[23_24],[1;3;4;5],[21_22];[21_23];[22_22]
41,4,1,1,24,2196,[1_24];[1_23];[2_23];[1_22],[1;3;4;5],[1_23];[1_24];[1_23]
41,5,1,17,22,2459,[18_20];[17_19];[17_21];[18_22];[17_23];[18_23];[18_19];[17_22];[17_20],[1;3;4;5],[17_21];[17_20];[17_22]
41,6,2,17,21,848,[17_21];[17_20];[17_19];[15_19],[0;2;6;7;8;9],[17_20];[17_21];[17_20]
41,7,2,12,23,893,[11_22];[11_21];[14_23];[12_22];[12_23];[13_24];[12_24];[13_23];[11_23],[0;2;6;7;8;9],[12_22];[12_23];[13_23]
41,8,2,22,12,1681,[24_9];[23_11];[23_10];[22_12];[24_11];[24_12];[22_11];[22_13];[24_10],[0;2;6;7;8;9],[22_11];[22_12];[22_13]
41,9,2,2,18,2234,[0_15];[1_17];[2_17];[0_16];[1_16],[0;2;6;7;8;9],[1_17];[1_17];[2_17]
42,0,2,2,1,1512,[0_1];[2_1];[1_1];[1_0];[2_0],[0;2;6;7;8;9],[1_1];[2_1];[2_1]
42,1,1,20,1,1310,[20_1];[22_2];[24_2];[22_3];[21_1];[21_2];[22_1],[1;3;4;5],[21_1];[20_1];[20_1]
42,2,2,22,9,2503,[23_7];[21_7];[21_6];[22_9];[23_9];[22_7];[22_8],[0;2;6;7;8;9],[22_9];[23_9];[23_9]
42,3,1,23,22,2338,[21_24];[24_24];[21_22];[23_22];[21_23];[22_22];[23_23];[23_24],[1;3;4;5],[21_23];[22_22];[23_22]
42,4,1,1,22,2197,[1_24];[1_23];[1_22],[1;3;4;5],[1_24];[1_24];[1_22]
42,5,1,18,21,2460,[18_21];[18_20];[17_19];[17_21];[17_23];[18_23];[18_19];[17_22];[17_20],[1;3;4;5],[17_22];[17_22];[18_21]
42,6,2,17,21,849,[17_21];[17_20];[17_19];[15_19],[0;2;6;7;8;9],[17_21];[17_21];[17_21]
42,7,2,12,22,894,[11_22];[11_21];[14_23];[12_22];[12_23];[13_24];[12_24];[13_23];[11_23],[0;2;6;7;8;9],[12_23];[13_23];[12_22]
42,8,2,22,13,1682,[24_9];[23_11];[23_10];[22_12];[24_12];[22_11];[22_13];[24_10],[0;2;6;7;8;9],[22_12];[22_13];[22_12]
42,9,2,2,17,2235,[0_15];[1_17];[2_17];[0_16];[1_16];[2_18],[0;2;6;7;8;9],[1_17];[2_17];[2_18]
43,0,2,1,1,1513,[0_1];[2_1];[1_1];[2_0],[0;2;6;7;8;9],[2_1];[2_1];[2_1]
43,1,1,21,1,1311,[20_1];[22_2];[24_2];[22_3];[21_1];[21_2];[22_1],[1;3;4;5],[20_1];[20_1];[20_1]
43,2,2,22,8,2504,[23_7];[21_7];[21_6];[22_9];[23_9];[22_7];[22_8],[0;2;6;7;8;9],[23_9];[23_9];[22_9]
43,3,1,24,22,2339,[21_24];[24_24];[21_22];[23_22];[21_23];[22_22];[23_23];[23_24],[1;3;4;5],[22_22];[23_22];[23_22]
43,4,1,1,23,2198,[1_24];[1_23];[1_22],[1;3;4;5],[1_24];[1_22];[1_22]
43,5,1,18,20,2461,[18_21];[18_20];[17_19];[17_21];[17_23];[18_23];[18_19];[17_22];[17_20],[1;3;4;5],[17_22];[18_21];[18_20]
43,6,2,17,20,850,[17_21];[17_20];[17_19];[15_19],[0;2;6;7;8;9],[17_21];[17_21];[17_21]
43,7,2,12,23,895,[11_22];[11_21];[14_23];[12_22];[12_23];[13_24];[13_23];[11_23],[0;2;6;7;8;9],[12_23];[13_23];[12_23]
43,8,2,22,11,1683,[24_9];[23_11];[23_10];[22_12];[24_12];[22_11];[22_13];[24_10],[0;2;6;7;8;9],[22_13];[22_13];[22_11]
43,9,2,2,18,2236,[0_15];[1_17];[2_17];[0_16];[1_16];[2_18],[0;2;6;7;8;9],[2_17];[2_18];[2_17]
44,0,2,2,1,1514,[0_1];[2_1];[1_1];[2_0],[0;2;6;7;8;9],[2_1];[2_1];[1_1]
44,1,1,20,1,1312,[20_1];[22_2];[24_2];[22_3];[21_1];[21_2];[22_1],[1;3;4;5],[20_1];[20_1];[21_1]
44,2,2,22,7,2505,[23_7];[21_7];[21_6];[22_9];[23_9];[22_7];[22_8],[0;2;6;7;8;9],[23_9];[23_9];[22_8]
44,3,1,23,23,2340,[21_24];[24_24];[21_22];[23_22];[21_23];[24_22];[22_22];[23_23];[23_24],[1;3;4;5],[23_22];[24_22];[23_23]
44,4,1,1,24,2199,[1_24];[1_23];[1_22],[1;3;4;5],[1_22];[1_22];[1_23]
44,5,1,17,20,2462,[18_21];[18_20];[17_19];[17_21];[17_23];[18_19];[17_22];[17_20],[1;3;4;5],[18_21];[18_20];[18_20]
44,6,2,17,21,851,[17_21];[17_20];[17_19];[15_19],[0;2;6;7;8;9],[17_20]
44,7,2,12,22,896,[11_22];[11_21];[14_23];[12_22];[12_23];[13_24];[13_23];[11_23],[0;2;6;7;8;9],[13_23];[12_23];[12_22]
44,8,2,22,12,1684,[24_9];[23_11];[23_10];[22_12];[24_12];[22_11];[22_13];[24_10],[0;2;6;7;8;9],[22_13];[22_11];[22_11]
44,9,2,2,19,2237,[1_17];[2_19];[2_17];[0_16];[1_16];[2_18],[0;2;6;7;8;9],[2_18];[2_17];[2_19]
45,0,2,1,1,1515,[0_1];[2_1];[1_1];[2_0],[0;2;6;7;8;9],[1_1];[1_1]
45,1,1,19,1,1313,[20_1];[19_1];[22_2];[24_2];[22_3];[21_1];[21_2];[22_1],[1;3;4;5],[21_1];[19_1]
45,2,2,22,8,2506,[21_7];[21_6];[22_9];[23_9];[22_7];[22_8],[0;2;6;7;8;9],[23_9];[22_8];[22_7]
45,3,1,23,24,2341,[21_24];[24_24];[21_22];[23_22];[21_23];[24_22];[22_22];[23_23];[23_24],[1;3;4;5],[24_22];[23_23];[23_23]
45,4,1,1,23,2200,[1_24];[1_23];[1_22],[1;3;4;5],[1_22];[1_23];[1_24]
45,5,1,17,21,2463,[18_21];[18_20];[17_19];[17_21];[17_23];[18_19];[17_22];[17_20],[1;3;4;5],[18_20];[18_20];[17_20]
45,6,2,16,21,852,[17_21];[16_21];[17_20];[17_19];[15_19],[0;2;6;7;8;9],[17_20];[16_21]
45,7,2,12,23,897,[11_22];[11_21];[14_23];[12_22];[12_23];[13_24];[13_23];[11_23],[0;2;6;7;8;9],[12_23];[12_22];[12_23]
45,8,2,22,13,1685,[24_9];[23_11];[23_10];[22_12];[24_12];[22_11];[22_13];[24_10],[0;2;6;7;8;9],[22_11];[22_11];[22_12]
45,9,2,2,19,2238,[1_17];[2_19];[2_17];[0_16];[1_16];[2_18],[0;2;6;7;8;9],[2_19];[2_19];[2_19]
46,0,2,2,1,1516,[0_1];[2_1];[1_1],[0;2;6;7;8;9],[1_1];[1_1];[1_1]
46,1,1,19,0,1314,[20_1];[19_1];[24_2];[22_3];[21_1];[21_2];[22_1],[1;3;4;5],[21_1];[19_1];[19_1]
46,2,2,22,8,2507,[22_9];[23_9];[22_7];[22_8],[0;2;6;7;8;9],[22_7];[22_8];[22_8]
46,3,1,23,23,2342,[21_24];[24_24];[21_22];[23_22];[21_23];[24_22];[22_22];[23_23],[1;3;4;5],[23_23];[23_23];[23_23]
46,4,1,1,24,2201,[1_23];[1_22],[1;3;4;5],[1_23];[1_24];[1_23]
46,5,1,17,20,2464,[18_21];[18_20];[17_19];[17_21];[17_23];[18_19];[17_22];[17_20],[1;3;4;5],[18_20];[17_20];[17_21]
46,6,2,17,21,853,[17_21];[16_21];[17_20];[17_19];[15_19],[0;2;6;7;8;9],[17_20];[16_21];[16_21]
46,7,2,13,23,898,[11_22];[11_21];[14_23];[12_22];[12_23];[13_24];[13_23];[11_23],[0;2;6;7;8;9],[12_22];[12_23];[12_23]
46,8,2,22,12,1686,[24_9];[23_11];[23_10];[22_12];[24_12];[22_11];[22_13];[24_10],[0;2;6;7;8;9],[22_11];[22_12];[22_12]
46,9,2,2,18,2239,[1_17];[2_19];[2_17];[0_16];[1_16];[2_18],[0;2;6;7;8;9],[2_19];[2_19];[2_19]
47,0,2,1,1,1517,[0_1];[2_1];[1_1],[0;2;6;7;8;9],[1_1];[1_1];[2_1]
47,1,1,19,0,1315,[20_1];[19_1];[24_2];[22_3];[21_1];[21_2];[19_0];[22_1],[1;3;4;5],[19_1];[19_1];[19_0]
47,2,2,22,7,2508,[22_9];[23_9];[22_7];[22_8],[0;2;6;7;8;9],[22_8];[22_8];[22_8]
47,3,1,24,23,2343,[21_24];[24_23];[24_24];[21_22];[23_22];[21_23];[24_22];[22_22];[23_23],[1;3;4;5],[23_23];[23_23];[24_23]
47,4,1,0,23,2202,[0_23];[1_24];[1_23],[1;3;4;5],[1_24];[1_24];[0_23]
47,5,1,16,20,2465,[18_21];[18_20];[17_19];[17_21];[16_20];[18_19];[17_22];[17_20],[1;3;4;5],[17_20];[17_21];[16_20]
47,6,2,17,20,854,[17_21];[16_21];[17_20];[17_19];[15_19],[0;2;6;7;8;9],[16_21];[16_21];[17_21]
47,7,2,11,23,899,[11_22];[11_21];[14_23];[12_22];[13_24];[13_23];[11_23],[0;2;6;7;8;9],[12_22];[13_23];[11_23]
47,8,2,22,13,1687,[24_9];[23_11];[23_10];[22_12];[24_12];[22_11];[22_13];[24_10],[0;2;6;7;8;9],[22_12];[22_12];[22_12]
47,9,2,2,17,2240,[1_17];[2_19];[2_17];[0_16];[1_16];[2_18],[0;2;6;7;8;9],[2_18]
48,0,2,2,2,1518,[2_1];[1_1];[2_2],[0;2;6;7;8;9],[2_1];[2_2]
48,1,1,20,0,1316,[20_1];[19_1];[24_2];[22_3];[21_1];[20_0];[21_2];[19_0];[22_1],[1;3;4;5],[19_0];[19_0];[20_0]
48,2,2,22,8,2509,[22_9];[23_9];[22_7],[0;2;6;7;8;9],[22_8];[22_8];[22_7]
48,3,1,24,24,2344,[21_24];[24_23];[24_24];[21_22];[23_22];[21_23];[24_22];[22_22];[23_23],[1;3;4;5],[24_23];[24_23]
48,4,1,1,23,2203,[0_23];[1_24];[1_23],[1;3;4;5],[1_24];[0_23];[0_23]
48,5,1,16,21,2466,[16_21];[18_21];[18_20];[17_19];[17_21];[16_20];[18_19];[17_22];[17_20],[1;3;4;5],[17_21];[16_20];[16_21]
48,6,2,18,21,855,[17_21];[16_21];[17_20];[17_19];[18_21],[0;2;6;7;8;9],[17_21];[17_20];[18_21]
48,7,2,12,23,900,[11_22];[11_21];[14_23];[12_22];[12_23];[13_24];[13_23];[11_23],[0;2;6;7;8;9],[13_23];[11_23];[12_23]
48,8,2,22,12,1688,[24_9];[23_11];[23_10];[22_12];[22_11];[22_13];[24_10],[0;2;6;7;8;9],[22_12];[22_12];[22_13]
48,9,2,2,16,2241,[2_16];[1_17];[2_19];[2_17];[0_16];[1_16];[2_18],[0;2;6;7;8;9],[2_18];[2_16]
49,0,2,3,2,1519,[2_1];[1_1];[2_2],[0;2;6;7;8;9],[2_1];[2_2];[2_2]
49,1,1,19,0,1317,[20_1];[19_1];[24_2];[22_3];[21_1];[20_0];[21_2];[19_0];[22_1],[1;3;4;5],[19_0];[20_0];[20_0]
49,2,2,23,8,2510,[22_9];[23_9];[23_8];[22_7],[0;2;6;7;8;9],[22_7];[23_8]
49,3,1,23,24,2345,[21_24];[24_23];[24_24];[21_22];[23_22];[21_23];[24_22];[22_22];[23_23],[1;3;4;5],[24_23];[24_23];[24_24]
49,4,1,1,24,2204,[0_23];[1_24];[1_23],[1;3;4;5],[0_23];[0_23];[1_23]
49,5,1,17,21,2467,[16_21];[18_21];[18_20];[17_19];[17_21];[16_20];[18_19];[17_20],[1;3;4;5],[16_20];[16_21];[16_21]
49,6,2,19,21,856,[17_21];[16_21];[17_20];[18_21],[0;2;6;7;8;9],[17_20];[18_21];[18_21]
49,7,2,13,23,901,[11_22];[11_21];[14_23];[12_22];[12_23];[13_24];[13_23];[11_23],[0;2;6;7;8;9],[11_23];[12_23];[13_23]
49,8,2,21,13,1689,[23_11];[23_10];[22_12];[21_13];[22_11];[22_13];[24_10],[0;2;6;7;8;9],[22_13];[21_13]
49,9,2,2,17,2242,[2_16];[1_17];[2_19];[2_17];[0_16];[1_16];[2_18],[0;2;6;7;8;9],[2_18];[2_16];[2_16]
50,0,2,4,2,1520,[2_1];[1_1];[3_2];[2_2],[0;2;6;7;8;9],[2_2];[2_2];[3_2]
50,1,1,19,0,1318,[20_1];[19_1];[24_2];[21_1];[20_0];[21_2];[19_0];[22_1],[1;3;4;5],[20_0];[20_0];[19_0]
50,2,2,24,8,2511,[22_9];[23_9];[23_8];[22_7],[0;2;6;7;8;9],[22_7];[23_8];[23_8]
50,3,1,24,24,2346,[21_24];[24_23];[24_24];[21_22];[23_22];[21_23];[24_22];[22_22];[23_24],[1;3;4;5],[24_23];[24_24];[23_24]
50,4,1,1,23,2205,[0_23];[1_23],[1;3;4;5],[0_23];[1_23];[1_24]
50,5,1,17,20,2468,[16_21];[18_21];[18_20];[17_19];[17_21];[16_20];[18_19];[17_20],[1;3;4;5],[16_21];[16_21];[17_20]
50,6,2,18,21,857,[17_21];[16_21];[17_20];[19_21];[18_21],[0;2;6;7;8;9],[18_21];[18_21];[19_21]
50,7,2,12,23,902,[11_22];[11_21];[14_23];[12_22];[12_23];[13_24];[13_23];[11_23],[0;2;6;7;8;9],[12_23];[13_23];[13_23]
50,8,2,20,13,1690,[23_11];[23_10];[22_12];[21_13];[22_11];[22_13];[24_10];[20_13],[0;2;6;7;8;9],[22_13];[21_13];[20_13]
50,9,2,1,18,2243,[2_18];[1_16];[2_16];[1_17];[1_18];[2_19];[2_17],[0;2;6;7;8;9],[2_16];[2_17];[1_18]
51,0,2,3,2,1521,[2_1];[1_1];[3_2];[2_2];[4_2],[0;2;6;7;8;9],[2_2];[3_2];[4_2]
51,1,1,19,0,1319,[20_1];[19_1];[24_2];[21_1];[20_0];[21_2];[19_0];[22_1],[1;3;4;5],[20_0];[19_0];[19_0]
51,2,2,24,9,2512,[22_9];[23_9];[23_8];[22_7];[24_8],[0;2;6;7;8;9],[23_8];[23_8];[24_8]
51,3,1,22,24,2347,[21_24];[24_23];[24_24];[21_22];[23_22];[22_24];[21_23];[24_22];[22_22];[23_24],[1;3;4;5],[23_24];[24_24];[22_24]
51,4,1,1,24,2206,[0_23];[1_23],[1;3;4;5],[1_23];[1_24];[1_23]
51,5,1,18,21,2469,[16_21];[18_21];[18_20];[17_19];[17_21];[16_20];[18_19],[1;3;4;5],[17_20];[17_20];[18_21]
51,6,2,19,21,858,[17_21];[16_21];[19_21];[18_21],[0;2;6;7;8;9],[18_21];[19_21];[18_21]
51,7,2,13,23,903,[11_22];[11_21];[14_23];[12_22];[12_23];[13_24];[13_23];[11_23],[0;2;6;7;8;9],[13_23];[13_23];[12_23]
51,8,2,19,13,1691,[23_11];[19_13];[22_12];[21_13];[22_11];[22_13];[24_10];[20_13],[0;2;6;7;8;9],[21_13];[20_13];[19_13]
51,9,2,2,18,2244,[2_18];[1_16];[2_16];[1_17];[1_18];[2_19];[2_17],[0;2;6;7;8;9],[2_17];[1_18];[1_18]
52,0,2,3,1,1522,[2_1];[3_2];[3_1];[2_2];[4_2],[0;2;6;7;8;9],[3_2];[4_2];[3_1]
52,1,1,19,0,1320,[20_1];[19_1];[24_2];[21_1];[20_0];[21_2];[19_0],[1;3;4;5],[19_0];[19_0];[19_0]
52,2,2,23,10,2513,[24_9];[23_10];[22_9];[23_9];[23_8];[22_7];[24_8],[0;2;6;7;8;9],[24_8];[24_9];[23_10]
52,3,1,23,24,2348,[21_24];[24_23];[24_24];[21_22];[23_22];[22_24];[21_23];[24_22];[22_22];[23_24],[1;3;4;5],[23_24];[22_24];[22_24]
52,4,1,2,23,2207,[0_23];[1_24];[1_23];[2_23],[1;3;4;5],[1_24];[1_24];[2_23]
52,5,1,19,21,2470,[16_21];[18_21];[18_20];[17_19];[17_21];[16_20];[18_19],[1;3;4;5],[17_20];[18_21];[18_21]
52,6,2,19,20,859,[17_21];[16_21];[19_20];[19_21];[18_21],[0;2;6;7;8;9],[19_21];[19_20]
52,7,2,12,23,904,[11_22];[11_21];[14_23];[12_22];[12_23];[13_24];[13_23];[11_23],[0;2;6;7;8;9],[13_23];[13_23];[13_23]
52,8,2,19,12,1692,[23_11];[19_13];[22_12];[21_13];[22_11];[22_13];[24_10];[20_13],[0;2;6;7;8;9],[20_13];[19_13];[19_13]
52,9,2,2,17,2245,[2_18];[1_16];[2_16];[1_17];[1_18];[2_19];[2_17],[0;2;6;7;8;9],[1_18];[1_18];[2_18]
53,0,2,3,2,1523,[2_1];[3_2];[3_1];[2_2];[4_2],[0;2;6;7;8;9],[4_2];[3_1];[3_1]
53,1,1,19,0,1321,[20_1];[19_1];[21_1];[20_0];[21_2];[19_0],[1;3;4;5],[19_0];[19_0];[19_0]
53,2,2,24,10,2514,[24_9];[23_10];[22_9];[23_9];[23_8];[22_7];[24_8],[0;2;6;7;8;9],[24_9];[23_10];[23_10]
53,3,1,24,24,2349,[21_24];[24_23];[24_24];[21_22];[23_22];[22_24];[21_23];[24_22];[22_22];[23_24],[1;3;4;5],[22_24];[22_24];[23_24]
53,4,1,1,23,2208,[0_23];[1_24];[1_23];[2_23],[1;3;4;5],[1_24];[2_23];[2_23]
53,5,1,18,21,2471,[16_21];[18_21];[19_21];[18_20];[17_19];[17_21];[16_20];[18_19],[1;3;4;5],[18_21];[18_21];[19_21]
53,6,2,19,21,860,[17_21];[16_21];[19_20];[19_21];[18_21],[0;2;6;7;8;9],[19_21];[19_20];[19_20]
53,7,2,13,23,905,[11_22];[11_21];[12_22];[12_23];[13_24];[13_23];[11_23],[0;2;6;7;8;9],[13_23];[13_23];[12_23]
53,8,2,19,13,1693,[19_13];[22_12];[21_13];[22_11];[22_13];[24_10];[20_13],[0;2;6;7;8;9],[19_13];[19_13];[19_13]
53,9,2,2,18,2246,[2_18];[1_16];[2_16];[1_17];[1_18];[2_19];[2_17],[0;2;6;7;8;9],[1_18];[2_18];[2_17]
54,0,2,3,2,1524,[2_1];[3_2];[3_1];[2_2];[4_2],[0;2;6;7;8;9],[3_1];[3_2];[3_2]
54,1,1,19,0,1322,[20_1];[19_1];[21_1];[20_0];[21_2];[19_0],[1;3;4;5],[19_0];[19_0];[19_0]
54,2,2,24,11,2515,[23_9];[23_10];[24_9];[24_11];[22_9];[23_8];[22_7];[24_8],[0;2;6;7;8;9],[23_10];[23_10];[24_11]
54,3,1,23,24,2350,[21_24];[24_23];[24_24];[21_22];[23_22];[22_24];[21_23];[24_22];[22_22];[23_24],[1;3;4;5],[22_24];[22_24];[24_24]
54,4,1,1,24,2209,[0_23];[1_24];[1_23];[2_23],[1;3;4;5],[2_23];[2_23];[1_23]
54,5,1,19,21,2472,[16_21];[18_21];[19_21];[18_20];[17_19];[17_21];[16_20];[18_19],[1;3;4;5],[18_21];[19_21];[19_21]
54,6,2,18,20,861,[17_21];[16_21];[19_20];[19_21];[18_21];[18_20],[0;2;6;7;8;9],[19_20];[19_20];[18_20]
54,7,2,13,23,906,[11_22];[11_21];[12_22];[12_23];[13_23];[11_23],[0;2;6;7;8;9],[12_23];[13_23];[13_23]
54,8,2,19,12,1694,[19_13];[22_12];[21_13];[22_11];[22_13];[24_10];[20_13],[0;2;6;7;8;9],[19_13];[19_13];[19_13]
54,9,2,2,19,2247,[2_18];[1_16];[2_16];[1_17];[1_18];[2_19];[2_17],[0;2;6;7;8;9],[2_18];[2_17];[2_19]
55,0,2,3,1,1525,[2_1];[3_2];[3_1];[2_2];[4_2],[0;2;6;7;8;9],[3_2];[3_2];[3_1]
55,1,1,19,0,1323,[20_1];[19_1];[21_1];[20_0];[21_2];[19_0],[1;3;4;5],[19_0];[19_0];[19_0]
55,2,2,24,12,2516,[23_9];[23_10];[24_9];[24_11];[22_9];[24_12];[23_8];[22_7];[24_8],[0;2;6;7;8;9],[23_10];[24_11];[24_12]
55,3,1,24,24,2351,[21_24];[24_23];[24_24];[21_22];[23_22];[22_24];[21_23];[24_22];[22_22];[23_24],[1;3;4;5],[22_24];[24_24];[23_24]
55,4,1,1,23,2210,[0_23];[1_24];[1_23];[2_23],[1;3;4;5],[2_23];[1_23];[1_24]
55,5,1,18,21,2473,[16_21];[18_21];[19_21];[18_20];[17_19];[17_21];[16_20];[18_19],[1;3;4;5],[19_21];[19_21];[19_21]
55,6,2,17,20,862,[17_21];[16_21];[19_20];[19_21];[18_21];[18_20],[0;2;6;7;8;9],[19_20];[18_20];[18_20]
55,7,2,13,24,907,[11_22];[11_21];[12_22];[12_23];[13_23];[11_23],[0;2;6;7;8;9],[12_23];[13_24]
55,8,2,19,11,1695,[19_12];[19_13];[22_12];[21_13];[22_11];[22_13];[20_13],[0;2;6;7;8;9],[19_12]
55,9,2,2,18,2248,[2_18];[1_16];[2_16];[1_17];[1_18];[2_19];[2_17],[0;2;6;7;8;9],[2_17];[2_19];[2_19]
56,0,2,3,2,1526,[2_1];[3_2];[3_1];[2_2];[4_2],[0;2;6;7;8;9],[3_2];[3_1];[3_1]
56,1,1,19,0,1324,[20_1];[19_1];[21_1];[20_0];[19_0],[1;3;4;5],[19_0];[19_0];[19_0]
56,2,2,24,11,2517,[23_9];[23_10];[24_9];[24_11];[22_9];[24_12];[23_8];[22_7];[24_8],[0;2;6;7;8;9],[24_11];[24_12];[24_12]
56,3,1,24,24,2352,[24_23];[24_24];[21_22];[23_22];[22_24];[21_23];[24_22];[22_22];[23_24],[1;3;4;5],[23_24];[24_24];[24_24]
56,4,1,1,24,2211,[0_23];[1_24];[1_23];[2_23],[1;3;4;5],[1_23];[1_24];[1_23]
56,5,1,19,21,2474,[16_21];[18_21];[19_21];[18_20];[17_19];[17_21];[16_20];[18_19],[1;3;4;5],[19_21];[19_21];[18_21]
56,6,2,17,21,863,[16_21];[19_20];[17_20];[19_21];[18_21];[18_20],[0;2;6;7;8;9],[18_20];[18_20];[17_20]
56,7,2,13,23,908,[11_22];[11_21];[12_22];[12_23];[13_24];[13_23],[0;2;6;7;8;9],[12_23];[13_24];[13_24]
56,8,2,19,12,1696,[19_12];[19_13];[22_12];[21_13];[19_11];[22_13];[20_13],[0;2;6;7;8;9],[19_12];[19_11]
56,9,2,2,16,2249,[2_18];[2_16];[1_18];[2_19];[2_17],[0;2;6;7;8;9],[2_19];[2_18];[2_16]
57,0,2,3,3,1527,[3_3];[2_1];[3_2];[3_1];[2_2];[4_2],[0;2;6;7;8;9],[3_1];[3_1];[3_3]
57,1,1,19,0,1325,[20_1];[19_1];[21_1];[20_0];[19_0],[1;3;4;5],[19_0];[19_0];[19_0]
57,2,2,24,10,2518,[23_9];[23_10];[24_9];[24_11];[22_9];[24_12];[23_8];[24_8],[0;2;6;7;8;9],[24_12];[24_12];[24_11]
57,3,1,22,24,2353,[24_23];[24_24];[23_22];[22_24];[21_23];[24_22];[22_22];[23_24],[1;3;4;5],[24_24];[24_24];[22_24]
57,4,1,1,24,2212,[0_23];[1_24];[1_23];[2_23],[1;3;4;5],[1_24];[1_24];[1_24]
57,5,1,19,22,2475,[16_21];[18_21];[19_21];[19_22];[17_19];[17_21];[16_20];[18_19],[1;3;4;5],[18_21];[19_22]
57,6,2,17,20,864,[16_21];[19_20];[17_20];[19_21];[18_21];[18_20],[0;2;6;7;8;9],[18_20];[17_20];[17_21]
57,7,2,12,23,909,[11_22];[11_21];[12_22];[12_23];[13_24];[13_23],[0;2;6;7;8;9],[13_24];[13_24];[13_23]
57,8,2,19,12,1697,[19_12];[19_13];[22_12];[21_13];[19_11];[22_13];[20_13],[0;2;6;7;8;9],[19_11];[19_12];[19_12]
57,9,2,2,17,2250,[2_18];[2_16];[1_18];[2_19];[2_17],[0;2;6;7;8;9],[2_18];[2_16];[2_16]
58,0,2,3,2,1528,[3_3];[2_1];[3_2];[3_1];[2_2];[4_2],[0;2;6;7;8;9],[3_1];[3_3];[3_3]
58,1,1,19,0,1326,[20_1];[19_1];[20_0];[19_0],[1;3;4;5],[19_0];[19_0];[19_0]
58,2,2,24,11,2519,[24_10];[23_9];[23_10];[24_9];[24_11];[22_9];[24_12];[23_8];[24_8],[0;2;6;7;8;9],[24_12];[24_12];[24_10]
58,3,1,23,24,2354,[24_23];[24_24];[23_22];[22_24];[21_23];[24_22];[22_22];[23_24],[1;3;4;5],[22_24];[22_24]
58,4,1,1,23,2213,[0_23];[1_24];[1_23];[2_23],[1;3;4;5],[1_24];[1_24];[1_24]
58,5,1,18,22,2476,[16_21];[18_21];[19_21];[19_22];[18_22];[17_19];[17_21];[16_20];[18_19],[1;3;4;5],[18_21];[19_22];[18_22]
58,6,2,17,21,865,[16_21];[19_20];[17_20];[19_21];[18_21];[18_20],[0;2;6;7;8;9],[17_20];[17_21];[17_20]
58,7,2,12,24,910,[11_21];[12_22];[12_23];[13_24];[12_24];[13_23],[0;2;6;7;8;9],[13_24];[13_23];[12_24]
58,8,2,19,11,1698,[19_12];[19_13];[22_12];[21_13];[19_11];[22_13];[20_13],[0;2;6;7;8;9],[19_12];[19_12];[19_12]
58,9,2,2,18,2251,[2_18];[2_16];[1_18];[2_19],[0;2;6;7;8;9],[2_16];[2_16];[2_18]
59,0,2,4,2,1529,[3_3];[3_2];[3_1];[2_2];[4_2],[0;2;6;7;8;9],[3_3];[3_3];[3_2]
59,1,1,19,1,1327,[19_1];[20_0];[19_0],[1;3;4;5],[19_1]
59,2,2,23,10,2520,[24_10];[23_9];[23_10];[24_9];[24_11];[22_9];[24_12];[23_8];[24_8],[0;2;6;7;8;9],[24_10];[24_11];[23_10]
59,3,1,24,24,2355,[24_23];[24_24];[23_22];[22_24];[24_22];[22_22];[23_24],[1;3;4;5],[22_24];[22_24];[23_24]
59,4,1,1,24,2214,[0_23];[1_24];[1_23];[2_23],[1;3;4;5],[1_23]
59,5,1,19,21,2477,[16_21];[18_21];[19_21];[19_22];[18_22];[17_19];[17_21];[16_20],[1;3;4;5],[18_22];[18_22];[19_21]
59,6,2,17,19,866,[16_21];[19_20];[19_21];[17_19];[17_20];[18_21];[18_20];[17_21],[0;2;6;7;8;9],[17_21];[17_21];[17_19]
59,7,2,12,23,911,[11_21];[12_22];[12_23];[13_24];[12_24];[13_23],[0;2;6;7;8;9],[13_23];[12_24];[12_24]
59,8,2,19,12,1699,[19_12];[19_13];[21_13];[19_11];[22_13];[20_13],[0;2;6;7;8;9],[19_12];[19_12];[19_11]
59,9,2,2,17,2252,[2_18];[2_16];[1_18];[2_19],[0;2;6;7;8;9],[2_16];[2_18];[2_18]
60,0,2,4,1,1530,[3_3];[4_1];[3_2];[3_1];[2_2];[4_2],[0;2;6;7;8;9],[3_3];[3_2];[4_1]
60,1,1,19,0,1328,[19_1];[20_0];[19_0],[1;3;4;5],[19_1];[19_1]
60,2,2,24,10,2521,[24_10];[23_9];[23_10];[24_9];[24_11];[22_9];[24_12];[23_8];[24_8],[0;2;6;7;8;9],[24_11];[23_10];[23_10]
60,3,1,23,24,2356,[24_23];[24_24];[23_22];[22_24];[24_22];[23_24],[1;3;4;5],[22_24];[23_24];[23_24]
60,4,1,0,24,2215,[0_23];[1_24];[1_23];[2_23];[0_24],[1;3;4;5],[1_23];[0_24]
60,5,1,18,21,2478,[16_21];[18_21];[19_21];[19_22];[18_22];[17_21];[16_20],[1;3;4;5],[18_22];[19_21];[19_21]
60,6,2,17,20,867,[16_21];[19_20];[19_21];[17_19];[17_20];[18_21];[18_20];[17_21],[0;2;6;7;8;9],[17_21];[17_19];[17_19]
60,7,2,13,23,912,[12_22];[12_23];[13_24];[12_24];[13_23],[0;2;6;7;8;9],[12_24];[12_24];[12_23]
60,8,2,19,11,1700,[19_12];[19_13];[21_13];[19_11];[22_13];[20_13],[0;2;6;7;8;9],[19_11];[19_11]
60,9,2,2,18,2253,[2_18];[2_16];[1_18];[2_19];[2_17],[0;2;6;7;8;9],[2_18];[2_18];[2_17]
61,0,2,5,1,1531,[3_3];[4_1];[3_2];[3_1];[2_2];[4_2],[0;2;6;7;8;9],[3_2];[4_1];[4_1]
61,1,1,19,0,1329,[19_1];[20_0];[19_0],[1;3;4;5],[19_1];[19_1];[19_0]
61,2,2,24,9,2522,[24_10];[23_9];[23_10];[24_9];[24_11];[24_12];[23_8];[24_8],[0;2;6;7;8;9],[23_10];[23_10];[24_9]
61,3,1,24,24,2357,[24_23];[24_24];[22_24];[24_22];[23_24],[1;3;4;5],[23_24];[23_24];[24_24]
61,4,1,1,24,2216,[0_23];[1_24];[2_23];[0_24],[1;3;4;5],[1_23];[0_24];[0_24]
61,5,1,19,21,2479,[16_21];[18_21];[19_21];[19_22];[18_22];[17_21];[16_20],[1;3;4;5],[19_21];[19_21];[18_21]
61,6,2,17,21,868,[16_21];[19_20];[19_21];[17_19];[17_20];[18_21];[18_20];[17_21],[0;2;6;7;8;9],[17_19];[17_19];[17_20]
61,7,2,13,22,913,[13_22];[12_23];[13_24];[12_24];[13_23],[0;2;6;7;8;9],[12_24];[12_23];[13_22]
61,8,2,18,11,1701,[19_12];[18_11];[19_13];[21_13];[19_11];[22_13];[20_13],[0;2;6;7;8;9],[19_11];[19_11];[18_11]
61,9,2,3,17,2254,[3_17];[2_16];[1_18];[2_19];[2_17],[0;2;6;7;8;9],[2_17];[3_17]
62,0,2,5,0,1532,[3_3];[5_1];[4_1];[3_2];[3_1];[2_2];[5_0];[4_2],[0;2;6;7;8;9],[4_1];[5_1];[5_0]
62,1,1,19,0,1330,[20_0];[19_0],[1;3;4;5],[19_1];[19_0];[19_0]
62,2,2,24,10,2523,[24_10];[23_9];[23_10];[24_9];[24_11];[24_12];[23_8];[24_8],[0;2;6;7;8;9],[23_10];[24_9];[24_9]
62,3,1,23,24,2358,[24_23];[24_24];[22_24];[24_22];[23_24],[1;3;4;5],[23_24];[24_24];[24_24]
62,4,1,1,23,2217,[0_23];[1_24];[2_23];[0_24],[1;3;4;5],[0_24];[0_24];[1_24]
62,5,1,18,21,2480,[16_21];[18_21];[19_21];[19_22];[18_22];[17_21];[16_20],[1;3;4;5],[19_21];[18_21];[19_21]
62,6,2,17,20,869,[16_21];[19_20];[19_21];[17_19];[17_20];[18_21];[18_20];[17_21],[0;2;6;7;8;9],[17_19];[17_20];[17_21]
62,7,2,13,23,914,[13_22];[12_23];[13_24];[12_24];[13_23],[0;2;6;7;8;9],[12_23];[13_22];[13_23]
62,8,2,19,11,1702,[19_12];[18_11];[19_13];[21_13];[19_11];[22_13];[20_13],[0;2;6;7;8;9],[19_11];[18_11];[18_11]
62,9,2,2,17,2255,[3_17];[2_16];[1_18];[2_19];[2_17],[0;2;6;7;8;9],[2_17];[3_17];[3_17]
63,0,2,5,1,1533,[3_3];[5_1];[4_1];[3_2];[3_1];[2_2];[5_0];[4_2],[0;2;6;7;8;9],[5_1];[5_0];[5_0]
63,1,1,18,0,1331,[20_0];[19_0];[18_0],[1;3;4;5],[19_0];[19_0];[18_0]
63,2,2,24,11,2524,[24_10];[23_9];[23_10];[24_9];[24_11];[24_12];[23_8];[24_8],[0;2;6;7;8;9],[24_9];[24_9];[24_10]
63,3,1,24,24,2359,[24_23];[24_24];[22_24];[23_24],[1;3;4;5],[24_24];[24_24];[23_24]
63,4,1,2,24,2218,[0_23];[2_24];[1_24];[1_23];[2_23];[0_24],[1;3;4;5],[1_24];[1_23];[2_24]
63,5,1,18,22,2481,[16_21];[18_21];[19_21];[19_22];[18_22];[17_21];[16_20],[1;3;4;5],[18_21];[18_22]
63,6,2,17,19,870,[16_21];[19_20];[19_21];[17_19];[17_20];[18_21];[18_20];[17_21],[0;2;6;7;8;9],[17_20];[17_21];[17_19]
63,7,2,12,24,915,[13_22];[12_23];[13_24];[12_24];[13_23],[0;2;6;7;8;9],[13_23];[13_23];[12_24]
63,8,2,19,12,1703,[19_12];[18_11];[19_13];[21_13];[19_11];[22_13];[20_13],[0;2;6;7;8;9],[18_11];[18_11];[19_11]
63,9,2,2,18,2256,[3_17];[2_16];[1_18];[2_19];[2_17],[0;2;6;7;8;9],[3_17];[3_17];[2_17]
64,0,2,5,0,1534,[3_3];[5_1];[4_1];[3_2];[3_1];[2_2];[5_0];[4_2],[0;2;6;7;8;9],[5_0];[5_0];[5_1]
64,1,1,18,1,1332,[20_0];[19_0];[18_0],[1;3;4;5],[19_0];[18_0];[18_0]
64,2,2,24,12,2525,[24_10];[23_9];[23_10];[24_9];[24_11];[24_12];[23_8];[24_8],[0;2;6;7;8;9],[24_9];[24_10];[24_12]
64,3,1,22,24,2360,[24_24];[22_24];[23_24],[1;3;4;5],[24_24];[24_24];[22_24]
64,4,1,1,24,2219,[0_23];[2_24];[1_24];[1_23];[2_23];[0_24],[1;3;4;5],[1_23];[2_24];[2_24]
64,5,1,17,22,2482,[16_21];[18_21];[19_21];[19_22];[18_22];[16_20];[17_22],[1;3;4;5],[18_21];[18_22];[17_22]
64,6,2,17,20,871,[16_21];[19_20];[19_21];[17_19];[17_20];[18_21];[18_20];[17_21],[0;2;6;7;8;9],[17_21];[17_19];[17_19]
64,7,2,12,23,916,[13_22];[12_23];[13_24];[12_24],[0;2;6;7;8;9],[13_23];[12_24];[12_24]
64,8,2,19,10,1704,[19_12];[19_10];[18_11];[19_13];[21_13];[19_11];[20_13],[0;2;6;7;8;9],[18_11];[19_12];[19_10]
64,9,2,2,17,2257,[3_17];[2_18];[2_16];[1_18];[2_19];[2_17],[0;2;6;7;8;9],[3_17];[3_17];[2_18]
65,0,2,5,1,1535,[3_3];[5_1];[4_1];[3_2];[3_1];[2_2];[5_0];[4_2],[0;2;6;7;8;9],[5_0];[5_0];[5_0]
65,1,1,19,1,1333,[18_1];[20_0];[19_0];[18_0],[1;3;4;5],[18_0];[18_0];[18_1]
65,2,2,24,11,2526,[24_10];[23_10];[24_9];[24_11];[24_12];[23_8];[24_8],[0;2;6;7;8;9],[24_10];[24_12];[24_12]
65,3,1,23,24,2361,[22_24];[23_24],[1;3;4;5],[22_24];[22_24]
65,4,1,1,23,2220,[0_23];[2_24];[1_24];[1_23];[2_23];[0_24],[1;3;4;5],[2_24];[2_24];[1_24]
65,5,1,17,21,2483,[16_21];[18_21];[19_21];[19_22];[18_22];[16_20];[17_22],[1;3;4;5],[18_22];[17_22];[17_22]
65,6,2,16,21,872,[19_20];[19_21];[17_19];[17_20];[18_21];[18_20];[17_21],[0;2;6;7;8;9],[17_19];[17_20];[16_21]
65,7,2,13,23,917,[13_22];[12_23];[13_24];[12_24],[0;2;6;7;8;9],[12_24];[12_24];[12_23]
65,8,2,19,11,1705,[19_12];[19_10];[18_11];[19_13];[21_13];[19_11];[20_13],[0;2;6;7;8;9],[19_12];[19_10];[19_10]
65,9,2,2,18,2258,[3_17];[2_18];[2_16];[1_18];[2_19];[2_17],[0;2;6;7;8;9],[3_17];[2_18];[2_17]
66,0,2,5,0,1536,[3_3];[5_1];[4_1];[3_2];[3_1];[5_0];[4_2],[0;2;6;7;8;9],[5_0];[5_0];[5_1]
66,1,1,18,0,1334,[18_1];[19_1];[20_0];[18_0],[1;3;4;5],[18_1];[19_1];[18_0]
66,2,2,24,9,2527,[24_10];[23_10];[24_9];[24_11];[24_12];[24_8],[0;2;6;7;8;9],[24_12];[24_11];[24_9]
66,3,1,24,24,2362,[22_24];[23_24],[1;3;4;5],[22_24];[22_24];[23_24]
66,4,1,1,24,2221,[0_23];[2_24];[1_24];[1_23];[2_23];[0_24],[1;3;4;5],[2_24];[1_24];[1_23]
66,5,1,18,20,2484,[16_21];[19_21];[19_22];[18_22];[17_21];[18_20];[16_20];[17_22],[1;3;4;5],[17_22];[17_21];[18_20]
66,6,2,17,21,873,[16_21];[19_20];[19_21];[17_19];[17_20];[18_20];[17_21],[0;2;6;7;8;9],[17_20];[16_21];[16_21]
66,7,2,14,23,918,[14_23];[13_22];[12_23];[13_24];[12_24],[0;2;6;7;8;9],[12_24];[12_23];[14_23]
66,8,2,19,12,1706,[19_12];[19_10];[18_11];[19_13];[21_13];[19_11];[20_13],[0;2;6;7;8;9],[19_10];[19_10];[19_11]
66,9,2,2,18,2259,[3_17];[2_18];[2_16];[1_18];[2_19];[2_17],[0;2;6;7;8;9],[2_17];[2_18];[2_18]
67,0,2,6,0,1537,[3_3];[5_1];[4_1];[3_2];[3_1];[6_0];[5_0];[4_2],[0;2;6;7;8;9],[5_1];[6_0]
67,1,1,19,0,1335,[18_1];[19_1];[20_0];[19_0];[18_0],[1;3;4;5],[18_1];[19_1];[19_0]
67,2,2,23,9,2528,[24_10];[23_9];[23_10];[24_9];[24_11];[24_12];[24_8],[0;2;6;7;8;9],[24_11];[24_9];[23_9]
67,3,1,23,24,2363,[24_24];[22_24];[23_24],[1;3;4;5],[22_24];[23_24];[24_24]
67,4,1,1,23,2222,[0_23];[2_24];[1_24];[1_23];[2_23];[0_24],[1;3;4;5],[1_24];[1_23];[1_24]
67,5,1,18,21,2485,[16_21];[18_21];[19_21];[19_22];[18_22];[17_21];[18_20];[16_20];[17_22],[1;3;4;5],[17_21];[18_20];[18_21]
67,6,2,17,20,874,[16_21];[19_20];[19_21];[17_19];[17_20];[18_20];[17_21],[0;2;6;7;8;9],[16_21];[16_21];[17_21]
67,7,2,13,23,919,[14_23];[13_22];[12_23];[13_24];[12_24],[0;2;6;7;8;9],[12_23];[14_23];[14_23]
67,8,2,19,11,1707,[19_12];[19_10];[18_11];[19_13];[19_11];[20_13],[0;2;6;7;8;9],[19_10];[19_11];[19_12]
67,9,2,2,17,2260,[3_17];[2_18];[2_16];[1_18];[2_17],[0;2;6;7;8;9],[2_18];[2_18];[2_18]
68,0,2,5,0,1538,[3_3];[5_1];[4_1];[3_1];[6_0];[5_0];[4_2],[0;2;6;7;8;9],[6_0];[6_0];[5_0]
68,1,1,19,0,1336,[18_1];[19_1];[20_0];[19_0];[18_0],[1;3;4;5],[19_1];[19_0];[19_0]
68,2,2,22,9,2529,[24_10];[23_9];[23_10];[24_9];[24_11];[24_12],[0;2;6;7;8;9],[24_9];[23_9];[23_9]
68,3,1,24,24,2364,[24_24];[22_24];[23_24],[1;3;4;5],[23_24];[24_24];[23_24]
68,4,1,1,23,2223,[0_23];[2_24];[1_24];[1_23];[2_23];[0_24],[1;3;4;5],[1_23];[1_23];[1_23]
68,5,1,19,21,2486,[16_21];[18_21];[19_21];[19_22];[18_22];[17_21];[18_20];[16_20];[17_22],[1;3;4;5],[18_20];[18_21];[18_21]
68,6,2,18,20,875,[16_21];[19_20];[19_21];[17_19];[17_20];[18_20];[17_21],[0;2;6;7;8;9],[16_21];[17_21];[18_20]
68,7,2,11,23,920,[14_23];[13_22];[12_23];[13_24];[12_24];[13_23];[11_23],[0;2;6;7;8;9],[14_23];[13_23];[11_23]
68,8,2,19,10,1708,[19_12];[19_10];[18_11];[19_13];[19_11],[0;2;6;7;8;9],[19_11];[19_12];[19_10]
68,9,2,2,18,2261,[3_17];[2_18];[2_16];[1_18];[2_17],[0;2;6;7;8;9],[2_18];[2_18];[2_17]
69,0,2,5,1,1539,[3_3];[5_1];[4_1];[3_1];[6_0];[5_0];[4_2],[0;2;6;7;8;9],[6_0];[5_0];[5_0]
69,1,1,19,0,1337,[18_1];[19_1];[20_0];[19_0];[18_0],[1;3;4;5],[19_0];[19_0];[19_0]
69,2,2,23,9,2530,[24_10];[23_9];[23_10];[24_11];[24_12],[0;2;6;7;8;9],[23_9];[23_9];[23_9]
69,3,1,23,23,2365,[24_24];[22_24];[23_23];[23_24],[1;3;4;5],[24_24];[24_24];[23_23]
69,4,1,1,24,2224,[2_24];[1_24];[1_23];[2_23];[0_24],[1;3;4;5],[1_23];[1_23];[1_23]
69,5,1,18,21,2487,[16_21];[18_21];[19_21];[19_22];[18_22];[17_21];[18_20];[16_20];[17_22],[1;3;4;5],[18_21];[18_21];[19_21]
69,6,2,17,20,876,[16_21];[19_20];[17_19];[17_20];[18_20];[17_21],[0;2;6;7;8;9],[17_21];[18_20];[18_20]
69,7,2,11,22,921,[11_22];[14_23];[13_22];[12_23];[13_24];[12_24];[13_23];[11_23],[0;2;6;7;8;9],[13_23];[11_23];[11_22]
69,8,2,19,11,1709,[19_12];[19_10];[18_11];[19_11],[0;2;6;7;8;9],[19_11];[19_12];[19_11]
69,9,2,2,17,2262,[3_17];[2_18];[2_16];[1_18];[2_17],[0;2;6;7;8;9],[2_18];[2_17];[2_18]
70,0,2,5,0,1540,[3_3];[5_1];[4_1];[3_1];[6_0];[5_0];[4_2],[0;2;6;7;8;9],[5_0];[5_0];[5_1]
70,1,1,19,0,1338,[18_1];[19_1];[20_0];[19_0];[18_0],[1;3;4;5],[19_0];[19_0];[19_0]
70,2,2,22,9,2531,[24_10];[23_9];[23_10];[24_11];[24_12],[0;2;6;7;8;9],[23_9];[23_9];[23_9]
70,3,1,23,24,2366,[24_24];[22_24];[23_23];[23_24],[1;3;4;5],[24_24];[23_23];[23_24]
70,4,1,1,23,2225,[2_24];[1_24];[1_23];[2_23];[0_24],[1;3;4;5],[1_24]
70,5,1,19,21,2488,[16_21];[18_21];[19_21];[19_22];[18_22];[17_21];[18_20];[17_22],[1;3;4;5],[18_21];[19_21];[18_21]
70,6,2,17,21,877,[16_21];[19_20];[17_19];[17_20];[18_20];[17_21],[0;2;6;7;8;9],[18_20];[18_20];[17_20]
70,7,2,11,23,922,[11_22];[14_23];[13_22];[12_23];[13_24];[12_24];[13_23];[11_23],[0;2;6;7;8;9],[11_23];[11_22];[11_23]
70,8,2,19,12,1710,[19_12];[19_10];[18_11];[19_11],[0;2;6;7;8;9],[19_12];[19_11];[19_11]
70,9,2,1,17,2263,[3_17];[2_18];[2_16];[1_17];[1_18];[2_17],[0;2;6;7;8;9],[2_17];[1_17]
71,0,2,5,1,1541,[3_3];[5_1];[4_1];[3_1];[6_0];[5_0],[0;2;6;7;8;9],[5_0];[5_1];[5_0]
71,1,1,18,0,1339,[18_1];[19_1];[20_0];[19_0];[18_0],[1;3;4;5],[18_0]
71,2,2,22,8,2532,[24_10];[23_9];[23_10];[24_11];[22_9];[24_12],[0;2;6;7;8;9],[22_9]
71,3,1,24,24,2367,[24_24];[22_24];[23_23];[23_24],[1;3;4;5],[23_23];[23_24];[23_24]
71,4,1,1,24,2226,[2_24];[1_23];[2_23];[0_24],[1;3;4;5],[1_24];[1_23]
71,5,1,20,21,2489,[18_21];[19_21];[19_22];[18_22];[17_21];[18_20];[20_21];[17_22],[1;3;4;5],[19_21];[20_21]
71,6,2,16,21,878,[16_21];[17_19];[17_20];[18_20];[17_21],[0;2;6;7;8;9],[18_20];[17_20];[16_21]
71,7,2,10,23,923,[11_22];[14_23];[13_22];[12_23];[13_24];[12_24];[13_23];[11_23],[0;2;6;7;8;9],[11_22];[11_23];[11_23]
71,8,2,20,11,1711,[19_12];[19_10];[18_11];[19_11];[20_11],[0;2;6;7;8;9],[19_12];[19_12];[20_11]
71,9,2,2,17,2264,[3_17];[2_18];[2_16];[1_17];[1_18];[2_17],[0;2;6;7;8;9],[2_17];[1_17];[2_17]
72,0,2,5,0,1542,[3_3];[5_1];[4_1];[6_0];[5_0],[0;2;6;7;8;9],[5_1];[5_1]
72,1,1,18,1,1340,[18_1];[19_1];[20_0];[19_0];[18_0],[1;3;4;5],[18_0];[18_0]
72,2,2,22,9,2533,[24_10];[23_9];[23_10];[24_11];[22_9];[24_12],[0;2;6;7;8;9],[22_9];[22_9]
72,3,1,23,24,2368,[24_24];[22_24];[23_23];[23_24],[1;3;4;5],[23_24];[23_24];[24_24]
72,4,1,1,23,2227,[2_24];[1_24];[1_23];[0_24],[1;3;4;5],[1_24];[1_23];[1_24]
72,5,1,19,21,2490,[18_21];[19_21];[19_22];[18_22];[17_21];[18_20];[20_21];[17_22],[1;3;4;5],[19_21];[20_21];[20_21]
72,6,2,17,22,879,[16_21];[17_22];[17_19];[17_20];[17_21],[0;2;6;7;8;9],[16_21];[16_21];[17_22]
72,7,2,9,23,924,[11_22];[14_23];[13_22];[12_23];[13_24];[10_23];[12_24];[13_23];[11_23],[0;2;6;7;8;9],[11_22];[10_23]
72,8,2,20,12,1712,[19_10];[18_11];[20_12];[19_11];[20_11],[0;2;6;7;8;9],[19_12];[20_11];[20_12]
72,9,2,2,18,2265,[3_17];[2_18];[2_16];[1_17];[1_18];[2_17],[0;2;6;7;8;9],[1_17];[2_17];[2_17]
73,0,2,4,1,1543,[3_3];[5_1];[4_1];[6_0];[5_0],[0;2;6;7;8;9],[5_1];[5_0];[4_1]
73,1,1,17,1,1341,[18_1];[17_1];[19_1];[20_0];[19_0];[18_0],[1;3;4;5],[18_0];[18_0];[17_1]
73,2,2,22,10,2534,[24_10];[23_9];[24_11];[22_9];[24_12];[22_10],[0;2;6;7;8;9],[22_9];[22_9];[22_10]
73,3,1,22,24,2369,[24_24];[22_24];[23_23],[1;3;4;5],[23_24];[24_24];[22_24]
73,4,1,2,24,2228,[2_24];[1_23];[0_24],[1;3;4;5],[1_23];[1_23];[2_24]
73,5,1,18,20,2491,[18_21];[19_22];[18_22];[17_21];[18_20];[20_21];[17_22],[1;3;4;5],[20_21];[20_21];[18_20]
73,6,2,17,21,880,[16_21];[17_22];[17_19];[17_20];[17_21],[0;2;6;7;8;9],[16_21];[17_22];[17_22]
73,7,2,10,23,925,[11_22];[9_23];[14_23];[13_22];[13_24];[10_23];[12_24];[13_23];[11_23],[0;2;6;7;8;9],[11_22];[10_23];[9_23]
73,8,2,19,12,1713,[19_10];[18_11];[20_12];[19_11];[20_11],[0;2;6;7;8;9],[20_11];[20_12];[20_12]
73,9,2,1,18,2266,[3_17];[2_18];[1_17];[1_18];[2_17],[0;2;6;7;8;9],[1_17];[1_18]
74,0,2,5,1,1544,[3_3];[5_1];[4_1];[6_0];[5_0],[0;2;6;7;8;9],[5_0];[4_1];[4_1]
74,1,1,17,0,1342,[18_1];[17_1];[19_1];[17_0];[20_0];[19_0];[18_0],[1;3;4;5],[18_0];[17_1];[17_0]
74,2,2,22,11,2535,[24_10];[23_9];[24_11];[22_9];[24_12];[22_10];[22_11],[0;2;6;7;8;9],[22_9];[22_10];[22_11]
74,3,1,21,24,2370,[21_24];[24_24];[22_24];[23_23],[1;3;4;5],[24_24];[22_24];[21_24]
74,4,1,3,24,2229,[2_24];[1_23];[3_24];[0_24],[1;3;4;5],[1_23];[2_24];[3_24]
74,5,1,17,20,2492,[18_21];[19_22];[18_22];[17_21];[18_20];[20_21];[17_22],[1;3;4;5],[20_21];[18_20];[18_20]
74,6,2,18,21,881,[16_21];[17_22];[17_19];[17_20];[18_21];[17_21],[0;2;6;7;8;9],[17_22];[17_22];[18_21]
74,7,2,10,22,926,[11_22];[9_23];[14_23];[10_22];[13_22];[13_24];[10_23];[12_24];[13_23];[11_23],[0;2;6;7;8;9],[10_23];[9_23];[10_22]
74,8,2,19,11,1714,[19_12];[19_10];[18_11];[20_12];[19_11];[20_11],[0;2;6;7;8;9],[20_12];[20_12];[19_12]
74,9,2,2,18,2267,[3_17];[2_18];[1_17];[1_18];[2_17],[0;2;6;7;8;9],[1_17];[1_18];[2_18]
75,0,2,5,0,1545,[5_1];[4_1];[6_0];[5_0],[0;2;6;7;8;9],[4_1];[4_1];[5_1]
75,1,1,17,0,1343,[18_1];[17_1];[19_1];[17_0];[20_0];[19_0];[18_0],[1;3;4;5],[17_1];[17_0];[17_0]
75,2,2,22,10,2536,[24_10];[23_9];[24_11];[22_9];[24_12];[22_10];[22_11],[0;2;6;7;8;9],[22_10];[22_11];[22_10]
75,3,1,21,23,2371,[21_24];[24_24];[22_24];[21_23];[23_23],[1;3;4;5],[22_24];[21_24];[21_23]
75,4,1,4,24,2230,[2_24];[4_24];[1_23];[3_24];[0_24],[1;3;4;5],[2_24];[3_24];[4_24]
75,5,1,17,21,2493,[18_21];[19_22];[18_22];[17_21];[18_20];[20_21];[17_22];[17_20],[1;3;4;5],[18_20];[18_20];[17_20]
75,6,2,19,21,882,[16_21];[17_22];[17_19];[17_20];[18_21];[17_21],[0;2;6;7;8;9],[17_22];[18_21];[18_21]
75,7,2,10,23,927,[11_22];[9_23];[14_23];[10_22];[13_22];[13_24];[10_23];[12_24];[13_23];[11_23],[0;2;6;7;8;9],[9_23];[10_22];[10_22]
75,8,2,19,12,1715,[19_12];[19_10];[18_11];[20_12];[19_11];[20_11],[0;2;6;7;8;9],[20_12];[19_12];[19_11]
75,9,2,3,17,2268,[3_17];[2_18];[1_17];[1_18];[2_17],[0;2;6;7;8;9],[2_18];[2_18];[3_17]
76,0,2,5,1,1546,[5_1];[4_1];[6_0];[5_0],[0;2;6;7;8;9],[4_1];[5_1];[5_0]
76,1,1,17,0,1344,[18_1];[17_1];[19_1];[17_0];[20_0];[19_0];[18_0],[1;3;4;5],[17_0];[17_0];[17_0]
76,2,2,21,10,2537,[24_10];[23_9];[24_11];[22_9];[24_12];[22_10];[22_11],[0;2;6;7;8;9],[22_11];[22_10];[22_10]
76,3,1,21,22,2372,[21_24];[24_24];[22_24];[21_23];[23_23],[1;3;4;5],[21_24];[21_23];[21_23]
76,4,1,4,23,2231,[2_24];[4_24];[1_23];[3_24];[0_24],[1;3;4;5],[3_24];[4_24];[4_24]
76,5,1,16,20,2494,[18_21];[19_22];[18_22];[17_21];[18_20];[20_21];[16_20];[17_22];[17_20],[1;3;4;5],[17_20];[17_21];[16_20]
76,6,2,18,21,883,[16_21];[17_22];[19_21];[17_19];[18_21];[17_21],[0;2;6;7;8;9],[18_21];[18_21];[19_21]
76,7,2,10,22,928,[11_22];[9_23];[14_23];[10_22];[13_22];[13_24];[10_23];[12_24];[13_23];[11_23],[0;2;6;7;8;9],[10_22];[10_22];[10_22]
76,8,2,19,11,1716,[19_12];[19_10];[18_11];[20_12];[19_11];[20_11],[0;2;6;7;8;9],[19_12];[19_11];[19_12]
76,9,2,2,17,2269,[3_17];[2_18];[1_17];[2_17],[0;2;6;7;8;9],[2_18];[3_17];[3_17]
77,0,2,5,0,1547,[5_1];[6_0];[5_0],[0;2;6;7;8;9],[5_1];[5_0];[5_1]
77,1,1,17,0,1345,[18_1];[17_1];[19_1];[17_0];[20_0];[19_0];[18_0],[1;3;4;5],[17_0];[17_0];[17_0]
77,2,2,22,9,2538,[24_10];[23_9];[22_9];[24_12];[22_10];[22_11];[21_10],[0;2;6;7;8;9],[22_11];[21_10];[22_9]
77,3,1,21,23,2373,[21_24];[24_24];[21_22];[22_24];[21_23];[23_23],[1;3;4;5],[21_23];[21_23];[21_22]
77,4,1,5,23,2232,[5_23];[2_24];[4_24];[1_23];[3_24];[0_24],[1;3;4;5],[4_24];[4_24];[5_23]
77,5,1,16,19,2495,[18_21];[19_22];[18_22];[17_21];[18_20];[20_21];[16_20];[16_19];[17_22];[17_20],[1;3;4;5],[17_21];[16_20];[16_19]
77,6,2,19,21,884,[16_21];[17_22];[19_21];[17_19];[18_21];[17_21],[0;2;6;7;8;9],[18_21];[19_21];[18_21]
77,7,2,9,23,929,[11_22];[9_23];[14_23];[10_22];[13_22];[10_23];[12_24];[13_23];[11_23],[0;2;6;7;8;9],[9_23]
77,8,2,19,10,1717,[19_12];[19_10];[18_11];[20_12];[19_11];[20_11],[0;2;6;7;8;9],[19_11];[19_12];[19_10]
77,9,2,2,18,2270,[3_17];[2_18];[1_17];[2_17],[0;2;6;7;8;9],[3_17];[3_17];[2_17]
78,0,2,5,0,1548,[5_1];[6_0];[5_0],[0;2;6;7;8;9],[5_0];[5_0];[5_0]
78,1,1,17,1,1346,[18_1];[17_1];[19_1];[17_0];[19_0];[18_0],[1;3;4;5],[17_1]
78,2,2,22,10,2539,[24_10];[23_9];[22_9];[24_12];[22_10];[22_11];[21_10],[0;2;6;7;8;9],[21_10];[22_9];[22_10]
78,3,1,22,22,2374,[21_24];[24_24];[21_22];[22_24];[21_23];[22_22];[23_23],[1;3;4;5],[21_22];[22_22]
78,4,1,4,23,2233,[5_23];[4_23];[2_24];[4_24];[1_23];[3_24];[0_24],[1;3;4;5],[4_24];[5_23];[4_23]
78,5,1,16,20,2496,[18_21];[19_22];[18_22];[17_21];[18_20];[20_21];[16_20];[16_19];[17_22];[17_20],[1;3;4;5],[16_20];[16_19];[16_20]
78,6,2,20,21,885,[16_21];[17_22];[19_21];[17_19];[20_21];[18_21];[17_21],[0;2;6;7;8;9],[19_21];[20_21]
78,7,2,10,23,930,[11_22];[9_23];[14_23];[10_22];[13_22];[10_23];[12_24];[13_23];[11_23],[0;2;6;7;8;9],[9_23];[9_23]
78,8,2,20,11,1718,[19_12];[19_10];[18_11];[20_12];[20_11],[0;2;6;7;8;9],[19_10];[19_10];[20_11]
78,9,2,2,17,2271,[3_17];[2_18];[1_17];[2_17],[0;2;6;7;8;9],[3_17];[2_17];[2_18]
79,0,2,5,1,1549,[5_1];[6_0];[5_0],[0;2;6;7;8;9],[5_0];[5_0];[5_0]
79,1,1,17,2,1347,[18_1];[17_1];[19_1];[17_0];[17_2];[19_0];[18_0],[1;3;4;5],[17_1];[17_2]
79,2,2,21,10,2540,[24_10];[23_9];[22_9];[24_12];[22_10];[22_11];[21_10],[0;2;6;7;8;9],[22_9];[22_10];[22_10]
79,3,1,22,23,2375,[21_24];[24_24];[21_22];[22_23];[22_24];[21_23];[22_22];[23_23],[1;3;4;5],[21_22];[22_22];[22_23]
79,4,1,3,23,2234,[3_23];[4_24];[1_23];[3_24];[5_23];[2_24];[4_23];[0_24],[1;3;4;5],[5_23];[4_23];[3_23]
79,5,1,16,19,2497,[18_21];[18_22];[17_21];[18_20];[20_21];[16_20];[16_19];[17_22];[17_20],[1;3;4;5],[16_19];[16_20];[16_20]
79,6,2,19,20,886,[16_21];[17_22];[19_20];[19_21];[17_19];[20_21];[18_21];[17_21],[0;2;6;7;8;9],[20_21];[20_21];[19_20]
79,7,2,10,24,931,[11_22];[9_23];[14_23];[10_22];[13_22];[10_24];[10_23];[13_23];[11_23],[0;2;6;7;8;9],[9_23];[9_23];[10_24]
79,8,2,19,11,1719,[19_12];[19_10];[18_11];[20_12];[20_11],[0;2;6;7;8;9],[19_10];[20_11];[19_11]
79,9,2,2,18,2272,[3_17];[2_18];[1_17],[0;2;6;7;8;9],[2_17];[2_18];[2_17]
80,0,2,5,0,1550,[6_0];[5_0],[0;2;6;7;8;9],[5_1]
80,1,1,17,2,1348,[18_1];[17_1];[19_1];[17_0];[17_2];[19_0],[1;3;4;5],[17_2];[17_2];[17_2]
80,2,2,21,9,2541,[24_10];[23_9];[22_9];[22_10];[22_11];[21_10],[0;2;6;7;8;9],[22_10];[22_10];[21_10]
80,3,1,21,23,2376,[21_24];[24_24];[21_22];[22_23];[22_24];[21_23];[22_22];[23_23],[1;3;4;5],[22_22];[22_23];[22_23]
80,4,1,4,23,2235,[3_23];[4_24];[1_23];[3_24];[5_23];[2_24];[4_23];[0_24],[1;3;4;5],[4_23];[3_23];[3_23]
80,5,1,16,18,2498,[18_21];[17_21];[18_20];[20_21];[16_20];[16_19];[17_22];[17_20],[1;3;4;5],[16_19];[16_19]
80,6,2,19,21,887,[16_21];[17_22];[19_20];[19_21];[17_19];[20_21];[18_21],[0;2;6;7;8;9],[20_21];[19_20];[19_20]
80,7,2,10,23,932,[11_22];[9_23];[14_23];[10_22];[13_22];[10_24];[10_23];[13_23];[11_23],[0;2;6;7;8;9],[9_23];[10_24];[10_24]
80,8,2,19,12,1720,[19_12];[19_10];[18_11];[20_12];[20_11],[0;2;6;7;8;9],[20_11];[19_11];[19_11]
80,9,2,2,17,2273,[2_18];[1_17];[2_17],[0;2;6;7;8;9],[2_18];[2_17];[2_17]
81,0,2,4,0,1551,[4_0];[6_0];[5_0],[0;2;6;7;8;9],[5_1];[4_0]
81,1,1,16,2,1349,[18_1];[17_1];[19_1];[17_0];[17_2];[19_0],[1;3;4;5],[17_2];[17_2];[17_2]
81,2,2,21,10,2542,[24_10];[23_9];[22_9];[22_10];[22_11];[21_10];[21_9],[0;2;6;7;8;9],[22_10];[21_10];[21_9]
81,3,1,21,22,2377,[21_24];[24_24];[21_22];[22_23];[22_24];[21_23];[22_22];[23_23],[1;3;4;5],[22_23];[22_23];[21_23]
81,4,1,3,23,2236,[3_23];[4_24];[1_23];[3_24];[5_23];[2_24];[4_23];[0_24],[1;3;4;5],[3_23];[3_23];[4_23]
81,5,1,16,19,2499,[18_21];[16_18];[17_21];[18_20];[20_21];[16_20];[16_19];[17_22];[17_20],[1;3;4;5],[16_19];[16_19];[16_18]
81,6,2,18,21,888,[16_21];[17_22];[19_20];[19_21];[17_19];[20_21];[18_21],[0;2;6;7;8;9],[19_20];[19_20];[19_21]
81,7,2,10,24,933,[11_22];[9_23];[14_23];[10_22];[13_22];[10_24];[10_23];[13_23];[11_23],[0;2;6;7;8;9],[10_24];[10_24];[10_24]
81,8,2,19,11,1721,[19_12];[19_10];[18_11];[20_12];[20_11],[0;2;6;7;8;9],[19_11];[19_11];[19_12]
81,9,2,1,18,2274,[2_18];[1_18];[1_17];[2_17],[0;2;6;7;8;9],[2_17];[2_17];[1_18]
82,0,2,5,0,1552,[4_0];[6_0];[5_0],[0;2;6;7;8;9],[5_1];[4_0];[4_0]
82,1,1,16,1,1350,[18_1];[17_1];[16_2];[19_1];[17_0];[17_2];[19_0],[1;3;4;5],[16_2]
82,2,2,21,9,2543,[24_10];[23_9];[22_9];[22_10];[22_11];[21_10];[21_9],[0;2;6;7;8;9],[21_10];[21_9];[21_10]
82,3,1,22,22,2378,[21_24];[24_24];[21_22];[22_23];[21_23];[22_22];[23_23],[1;3;4;5],[22_23];[21_23];[22_22]
82,4,1,4,23,2237,[3_23];[4_24];[1_23];[3_24];[5_23];[2_24];[4_23],[1;3;4;5],[3_23];[3_23];[3_23]
82,5,1,16,18,2500,[18_21];[16_18];[17_21];[18_20];[20_21];[16_20];[16_19];[17_22];[17_20],[1;3;4;5],[16_19];[16_18];[16_19]
82,6,2,19,21,889,[16_21];[17_22];[19_20];[19_21];[17_19];[20_21];[18_21],[0;2;6;7;8;9],[19_20];[19_21];[18_21]
82,7,2,10,23,934,[11_22];[9_23];[14_23];[10_22];[13_22];[10_24];[10_23];[13_23];[11_23],[0;2;6;7;8;9],[10_24];[10_24];[10_24]
82,8,2,19,12,1722,[19_12];[19_10];[18_11];[19_11];[20_12];[20_11],[0;2;6;7;8;9],[19_11];[19_12];[19_11]
82,9,2,2,18,2275,[2_18];[1_18];[1_17];[2_17],[0;2;6;7;8;9],[1_18];[1_18]
83,0,2,5,1,1553,[4_0];[6_0];[5_0],[0;2;6;7;8;9],[4_0];[4_0];[5_0]
83,1,1,16,2,1351,[18_1];[17_1];[16_2];[19_1];[17_0];[17_2];[19_0],[1;3;4;5],[16_2];[16_2]
83,2,2,21,11,2544,[23_9];[21_11];[22_9];[22_10];[22_11];[21_10];[21_9],[0;2;6;7;8;9],[21_9];[21_9];[21_11]
83,3,1,22,22,2379,[21_24];[24_24];[21_22];[22_23];[21_23];[22_22];[23_23],[1;3;4;5],[22_22];[22_22];[22_22]
83,4,1,3,22,2238,[3_23];[4_24];[3_24];[5_23];[3_22];[2_24];[4_23],[1;3;4;5],[4_23];[3_22]
83,5,1,17,19,2501,[18_21];[16_18];[17_21];[18_20];[20_21];[16_20];[16_19];[17_19];[17_20],[1;3;4;5],[16_18];[16_18];[17_19]
83,6,2,18,21,890,[16_21];[17_22];[19_20];[19_21];[20_21];[18_21],[0;2;6;7;8;9],[19_21];[18_21];[19_21]
83,7,2,9,23,935,[11_22];[9_23];[14_23];[10_22];[10_24];[10_23];[13_23];[11_23],[0;2;6;7;8;9],[10_23]
83,8,2,19,13,1723,[19_12];[19_10];[18_11];[19_13];[19_11];[20_12];[20_11],[0;2;6;7;8;9],[19_12];[19_13]
83,9,2,2,17,2276,[2_18];[1_18];[1_17],[0;2;6;7;8;9],[1_18];[1_18];[2_18]
84,0,2,6,1,1554,[4_0];[6_0];[5_0];[6_1],[0;2;6;7;8;9],[4_0];[5_0];[6_1]
84,1,1,17,1,1352,[17_1];[16_2];[17_0];[17_2];[19_0],[1;3;4;5],[16_2];[16_2];[17_1]
84,2,2,21,10,2545,[23_9];[21_11];[22_9];[22_10];[22_11];[21_10];[21_9],[0;2;6;7;8;9],[21_9];[21_11];[21_11]
84,3,1,23,22,2380,[21_24];[24_24];[21_22];[23_22];[22_23];[21_23];[22_22];[23_23],[1;3;4;5],[22_22];[22_22];[23_22]
84,4,1,2,22,2239,[3_23];[4_24];[3_24];[5_23];[3_22];[2_24];[4_23],[1;3;4;5],[4_23];[3_22];[3_22]
84,5,1,17,20,2502,[18_21];[16_18];[18_20];[20_21];[16_20];[16_19];[17_19];[17_20],[1;3;4;5],[16_18];[17_19];[17_20]
84,6,2,17,21,891,[16_21];[17_22];[19_20];[19_21];[20_21];[18_21];[17_21],[0;2;6;7;8;9],[18_21];[19_21];[17_21]
84,7,2,10,24,936,[11_22];[9_23];[10_22];[10_24];[10_23];[13_23];[11_23],[0;2;6;7;8;9],[10_23];[9_23];[10_24]
84,8,2,19,12,1724,[19_12];[19_10];[18_11];[19_13];[19_11];[20_12];[20_11],[0;2;6;7;8;9],[19_12];[19_13];[19_13]
84,9,2,2,18,2277,[1_18];[1_17];[2_17],[0;2;6;7;8;9],[1_18];[2_18];[2_17]
85,0,2,6,3,1555,[4_0];[6_0];[5_0];[6_1];[6_3],[0;2;6;7;8;9],[6_1];[6_1];[6_3]
85,1,1,18,1,1353,[17_1];[16_2];[17_0];[17_2];[18_1],[1;3;4;5],[17_1];[18_1]
85,2,2,20,9,2546,[20_9];[21_11];[22_9];[22_10];[22_11];[21_10];[21_9],[0;2;6;7;8;9],[21_11];[21_10];[20_9]
85,3,1,24,22,2381,[21_24];[24_24];[21_22];[23_22];[22_23];[21_23];[22_22];[23_23],[1;3;4;5],[23_22];[23_22]
85,4,1,3,23,2240,[3_23];[4_24];[3_24];[5_23];[3_22];[2_22];[2_24];[4_23],[1;3;4;5],[3_22];[2_22];[3_23]
85,5,1,17,21,2503,[18_21];[16_18];[18_20];[20_21];[16_20];[16_19];[17_19];[17_20],[1;3;4;5],[17_19];[17_20];[17_20]
85,6,2,16,20,892,[16_21];[17_22];[19_20];[19_21];[16_20];[20_21];[18_21];[17_21],[0;2;6;7;8;9],[17_21];[17_21];[16_20]
85,7,2,10,23,937,[11_22];[9_23];[10_22];[10_24];[10_23];[11_23],[0;2;6;7;8;9],[9_23];[10_24];[10_23]
85,8,2,18,11,1725,[19_12];[19_10];[18_11];[19_13];[19_11];[20_12];[20_11],[0;2;6;7;8;9],[19_13];[19_13];[18_11]
85,9,2,2,17,2278,[2_18];[1_18];[1_17],[0;2;6;7;8;9],[2_18];[2_17];[2_18]
86,0,2,6,2,1556,[4_0];[6_0];[5_0];[6_1];[6_3],[0;2;6;7;8;9],[6_1];[6_3];[6_3]
86,1,1,19,1,1354,[17_1];[16_2];[17_0];[17_2];[18_1],[1;3;4;5],[17_1];[18_1];[18_1]
86,2,2,20,8,2547,[20_9];[21_11];[22_9];[22_10];[22_11];[21_10];[21_9],[0;2;6;7;8;9],[21_10];[20_9];[20_9]
86,3,1,23,22,2382,[21_24];[24_24];[21_22];[23_22];[22_23];[21_23];[24_22];[22_22];[23_23],[1;3;4;5],[23_22];[23_22];[24_22]
86,4,1,4,23,2241,[3_23];[4_24];[3_24];[5_23];[3_22];[2_22];[2_24];[4_23],[1;3;4;5],[2_22];[3_23];[3_23]
86,5,1,17,20,2504,[18_21];[16_18];[17_21];[20_21];[16_20];[16_19];[17_19];[17_20],[1;3;4;5],[17_20];[17_20];[17_21]
86,6,2,16,19,893,[17_22];[19_20];[19_21];[16_20];[20_21];[18_21];[17_21],[0;2;6;7;8;9],[17_21];[16_20];[16_20]
86,7,2,10,24,938,[11_22];[9_23];[10_22];[10_24];[10_23],[0;2;6;7;8;9],[9_23];[10_24];[10_24]
86,8,2,18,12,1726,[19_12];[19_10];[18_11];[19_13];[18_12];[19_11];[20_12];[20_11],[0;2;6;7;8;9],[19_13];[18_11];[18_12]
86,9,2,2,19,2279,[1_18];[1_17];[2_19];[2_17],[0;2;6;7;8;9],[2_17];[2_17];[2_19]
87,0,2,6,3,1557,[4_0];[6_2];[6_0];[6_1];[6_3],[0;2;6;7;8;9],[6_3];[6_3];[6_2]
87,1,1,19,0,1355,[17_1];[16_2];[19_1];[17_0];[17_2];[18_1],[1;3;4;5],[18_1];[18_1];[19_1]
87,2,2,20,9,2548,[20_9];[21_11];[22_9];[22_10];[22_11];[21_10];[21_9],[0;2;6;7;8;9],[20_9];[20_9];[20_9]
87,3,1,24,22,2383,[21_24];[24_24];[21_22];[23_22];[22_23];[21_23];[24_22];[22_22];[23_23],[1;3;4;5],[23_22];[24_22];[23_22]
87,4,1,5,23,2242,[3_23];[4_24];[3_24];[5_23];[3_22];[2_22];[2_24];[4_23],[1;3;4;5],[3_23];[3_23];[5_23]
87,5,1,17,21,2505,[18_21];[16_18];[17_21];[20_21];[16_20];[16_19];[17_19];[17_20],[1;3;4;5],[17_20];[17_21];[17_20]
87,6,2,16,18,894,[17_22];[19_20];[19_21];[16_20];[20_21];[18_21];[17_21];[16_19],[0;2;6;7;8;9],[16_20];[16_20];[16_19]
87,7,2,11,24,939,[11_22];[9_23];[10_22];[10_24];[11_24];[10_23],[0;2;6;7;8;9],[10_24];[10_24];[11_24]
87,8,2,19,12,1727,[19_12];[19_10];[19_13];[18_12];[19_11];[20_12];[20_11],[0;2;6;7;8;9],[18_11];[18_12];[19_12]
87,9,2,2,18,2280,[1_18];[1_17];[2_19];[2_17],[0;2;6;7;8;9],[2_17];[2_19];[2_19]
88,0,2,6,2,1558,[4_0];[6_2];[6_0];[6_1];[6_3],[0;2;6;7;8;9],[6_3];[6_2];[6_3]
88,1,1,19,0,1356,[17_1];[16_2];[19_1];[17_0];[17_2];[19_0];[18_1],[1;3;4;5],[18_1];[19_1];[19_0]
88,2,2,20,9,2549,[20_9];[21_11];[22_10];[22_11];[21_10];[21_9],[0;2;6;7;8;9],[20_9];[20_9];[20_9]
88,3,1,24,21,2384,[21_24];[21_22];[23_22];[22_23];[21_23];[24_22];[24_21];[22_22];[23_23],[1;3;4;5],[24_22];[24_21]
88,4,1,4,23,2243,[3_23];[4_24];[3_24];[5_23];[3_22];[2_22];[2_24];[4_23],[1;3;4;5],[3_23];[5_23];[5_23]
88,5,1,17,20,2506,[18_21];[16_18];[17_21];[20_21];[16_20];[16_19];[17_19];[17_20],[1;3;4;5],[17_21];[17_21]
88,6,2,16,19,895,[17_22];[19_20];[19_21];[16_20];[16_18];[20_21];[18_21];[17_21];[16_19],[0;2;6;7;8;9],[16_20];[16_19];[16_18]
88,7,2,12,24,940,[11_22];[9_23];[10_22];[10_24];[11_24];[10_23],[0;2;6;7;8;9],[10_24];[11_24];[11_24]
88,8,2,18,12,1728,[19_12];[19_10];[19_13];[18_12];[19_11];[20_12];[20_11],[0;2;6;7;8;9],[18_12];[19_12];[18_12]
88,9,2,2,17,2281,[2_18];[1_18];[1_17];[2_19];[2_17],[0;2;6;7;8;9],[2_19];[2_19];[2_18]
89,0,2,6,3,1559,[4_0];[6_2];[6_0];[6_1];[6_3],[0;2;6;7;8;9],[6_2];[6_2]
89,1,1,19,0,1357,[17_1];[16_2];[19_1];[17_0];[17_2];[19_0];[18_1],[1;3;4;5],[19_1];[19_0];[19_0]
89,2,2,20,10,2550,[20_9];[20_10];[21_11];[22_10];[22_11];[21_10];[21_9],[0;2;6;7;8;9],[20_10]
89,3,1,24,22,2385,[21_24];[21_22];[23_22];[22_23];[21_23];[24_22];[24_21];[22_22];[23_23],[1;3;4;5],[24_22];[24_21];[24_21]
89,4,1,3,23,2244,[3_23];[4_24];[3_24];[5_23];[3_22];[2_22];[4_23],[1;3;4;5],[5_23];[5_23];[4_23]
89,5,1,18,21,2507,[16_18];[17_21];[20_21];[16_20];[16_19];[17_19];[17_20],[1;3;4;5],[17_21];[17_20];[18_21]
89,6,2,16,18,896,[17_22];[19_20];[19_21];[16_20];[16_18];[20_21];[18_21];[17_21];[16_19],[0;2;6;7;8;9],[16_19];[16_18];[16_19]
89,7,2,13,24,941,[9_23];[10_22];[10_24];[11_24];[13_24];[10_23],[0;2;6;7;8;9],[11_24];[11_24];[13_24]
89,8,2,19,12,1729,[19_12];[19_10];[19_13];[18_12];[19_11];[20_12];[20_11],[0;2;6;7;8;9],[19_12];[18_12];[19_12]
89,9,2,2,18,2282,[2_18];[1_18];[1_17];[2_19];[2_17],[0;2;6;7;8;9],[2_19];[2_18];[2_17]
90,0,2,6,1,1560,[4_0];[6_2];[6_0];[6_1];[6_3],[0;2;6;7;8;9],[6_2];[6_3];[6_1]
90,1,1,19,0,1358,[16_2];[19_1];[17_0];[17_2];[19_0];[18_1],[1;3;4;5],[19_0];[19_0];[19_0]
90,2,2,21,10,2551,[20_9];[20_10];[21_11];[22_11];[21_10];[21_9],[0;2;6;7;8;9],[20_10];[20_10]
90,3,1,24,23,2386,[21_24];[24_23];[21_22];[23_22];[22_23];[21_23];[24_22];[24_21];[22_22];[23_23],[1;3;4;5],[24_21];[24_21];[24_23]
90,4,1,4,23,2245,[3_23];[4_24];[3_24];[5_23];[3_22];[2_22];[4_23],[1;3;4;5],[5_23];[4_23];[3_23]
90,5,1,19,21,2508,[16_18];[17_21];[20_21];[16_20];[16_19];[17_19];[17_20],[1;3;4;5],[17_20];[18_21];[18_21]
90,6,2,16,18,897,[19_20];[19_21];[16_20];[16_18];[20_21];[18_21];[17_21];[16_19],[0;2;6;7;8;9],[16_18];[16_18];[16_18]
90,7,2,13,23,942,[9_23];[10_22];[10_24];[11_24];[13_24],[0;2;6;7;8;9],[11_24];[13_24];[13_24]
90,8,2,18,12,1730,[19_12];[19_13];[18_12];[19_11];[20_12];[20_11],[0;2;6;7;8;9],[18_12];[19_12];[18_12]
90,9,2,2,17,2283,[2_18];[1_18];[1_17];[2_19];[2_17],[0;2;6;7;8;9],[2_18];[2_17];[2_18]
91,0,2,6,2,1561,[4_0];[6_2];[6_0];[6_1];[6_3],[0;2;6;7;8;9],[6_3];[6_1];[6_2]
91,1,1,19,1,1359,[16_2];[19_1];[17_0];[17_2];[19_0];[18_1],[1;3;4;5],[19_0];[19_0];[19_1]
91,2,2,20,10,2552,[20_9];[20_10];[21_11];[22_11];[21_10];[21_9],[0;2;6;7;8;9],[20_10];[20_10];[20_10]
91,3,1,23,24,2387,[24_23];[21_22];[23_22];[22_23];[21_23];[24_22];[24_21];[22_22];[23_24],[1;3;4;5],[24_23];[24_23];[23_24]
91,4,1,4,22,2246,[3_23];[4_24];[3_24];[5_23];[3_22];[2_22];[4_22];[4_23],[1;3;4;5],[4_23];[3_23];[4_22]
91,5,1,18,21,2509,[19_21];[16_18];[17_21];[20_21];[16_20];[16_19];[17_19];[17_20],[1;3;4;5],[18_21];[18_21];[19_21]
91,6,2,16,19,898,[19_20];[19_21];[16_20];[16_18];[20_21];[17_21];[16_19],[0;2;6;7;8;9],[16_18];[16_18];[16_18]
91,7,2,14,23,943,[9_23];[14_23];[10_22];[10_24];[11_24];[13_24],[0;2;6;7;8;9],[13_24];[13_24];[14_23]
91,8,2,19,12,1731,[19_12];[19_13];[18_12];[19_11];[20_12];[20_11],[0;2;6;7;8;9],[18_12];[18_12];[18_12]
91,9,2,2,19,2284,[2_18];[1_18];[1_17];[2_19];[2_17],[0;2;6;7;8;9],[2_17];[2_17];[2_19]
92,0,2,6,3,1562,[4_0];[6_2];[6_0];[6_1];[6_3],[0;2;6;7;8;9],[6_1];[6_2];[6_2]
92,1,1,19,1,1360,[16_2];[19_1];[17_2];[19_0];[18_1],[1;3;4;5],[19_1];[19_1];[19_1]
92,2,2,20,11,2553,[20_9];[20_10];[21_11];[20_11];[22_11];[21_10];[21_9],[0;2;6;7;8;9],[20_10];[20_10];[20_11]
92,3,1,24,24,2388,[24_23];[21_22];[23_22];[22_23];[24_22];[24_21];[22_22];[23_24],[1;3;4;5],[24_23];[23_24];[23_24]
92,4,1,4,22,2247,[3_23];[5_23];[3_22];[2_22];[4_22];[4_23],[1;3;4;5],[4_22];[4_22];[4_22]
92,5,1,18,21,2510,[19_21];[18_21];[16_18];[17_21];[16_20];[16_19];[17_19];[17_20],[1;3;4;5],[19_21];[18_21];[18_21]
92,6,2,16,17,899,[19_20];[16_17];[19_21];[16_20];[16_18];[20_21];[17_21];[16_19],[0;2;6;7;8;9],[16_19];[16_17]
92,7,2,15,23,944,[9_23];[14_23];[10_22];[10_24];[15_23];[11_24];[13_24],[0;2;6;7;8;9],[13_24];[14_23];[15_23]
92,8,2,19,11,1732,[19_12];[19_13];[18_12];[19_11];[20_12];[20_11],[0;2;6;7;8;9],[18_12];[18_12];[19_12]
92,9,2,2,18,2285,[2_18];[1_18];[1_17];[2_19];[2_17],[0;2;6;7;8;9],[2_17];[2_19];[2_19]
93,0,2,6,2,1563,[4_0];[6_2];[6_0];[6_1];[6_3],[0;2;6;7;8;9],[6_2];[6_2];[6_3]
93,1,1,19,0,1361,[16_2];[19_1];[17_2];[19_0];[18_1],[1;3;4;5],[19_1];[19_1];[19_0]
93,2,2,19,11,2554,[20_9];[20_10];[21_11];[20_11];[22_11];[21_10];[21_9],[0;2;6;7;8;9],[20_11];[20_11]
93,3,1,23,24,2389,[24_23];[24_24];[21_22];[23_22];[22_23];[24_22];[24_21];[22_22];[23_24],[1;3;4;5],[23_24];[23_24];[24_24]
93,4,1,4,23,2248,[3_23];[5_23];[3_22];[2_22];[4_22];[4_23],[1;3;4;5],[4_22];[4_22];[4_22]
93,5,1,19,21,2511,[19_21];[18_21];[16_18];[17_21];[16_20];[16_19];[17_19];[17_20],[1;3;4;5],[18_21];[18_21];[18_21]
93,6,2,16,18,900,[19_20];[16_17];[19_21];[16_20];[16_18];[20_21];[17_21];[16_19],[0;2;6;7;8;9],[16_19];[16_17];[16_17]
93,7,2,15,22,945,[14_23];[10_22];[10_24];[15_23];[11_24];[13_24],[0;2;6;7;8;9],[14_23];[15_23];[15_23]
93,8,2,20,11,1733,[19_12];[19_13];[18_12];[19_11];[20_12];[20_11],[0;2;6;7;8;9],[19_12];[20_11]
93,9,2,2,17,2286,[2_18];[1_18];[1_17];[2_19],[0;2;6;7;8;9],[2_19];[2_19];[2_18]
94,0,2,6,3,1564,[4_0];[6_2];[6_0];[6_1];[6_3],[0;2;6;7;8;9],[6_2];[6_3];[6_2]
94,1,1,19,1,1362,[16_2];[19_1];[17_2];[19_0];[18_1],[1;3;4;5],[19_1];[19_0];[19_1]
94,2,2,19,12,2555,[20_9];[20_10];[21_11];[20_11];[19_11];[22_11];[21_10];[21_9],[0;2;6;7;8;9],[20_11];[20_11];[19_11]
94,3,1,24,24,2390,[24_23];[24_24];[21_22];[23_22];[22_23];[24_22];[24_21];[22_22];[23_24],[1;3;4;5],[23_24];[24_24];[23_24]
94,4,1,3,23,2249,[3_23];[3_22];[2_22];[4_22];[4_23],[1;3;4;5],[4_23]
94,5,1,19,20,2512,[19_21];[18_21];[16_18];[17_21];[19_20];[16_20];[16_19];[17_19],[1;3;4;5],[18_21];[18_21];[19_20]
94,6,2,16,19,901,[19_20];[16_17];[16_20];[16_18];[20_21];[17_21];[16_19],[0;2;6;7;8;9],[16_17];[16_17];[16_18]
94,7,2,15,23,946,[14_23];[10_22];[10_24];[15_23];[11_24];[13_24],[0;2;6;7;8;9],[15_23];[15_23];[15_23]
94,8,2,19,11,1734,[19_12];[19_13];[18_12];[19_11];[20_12];[20_11],[0;2;6;7;8;9],[19_12];[20_11];[20_11]
94,9,2,2,18,2287,[2_18];[1_18];[2_19];[2_17],[0;2;6;7;8;9],[2_19];[2_18];[2_17]
95,0,2,6,2,1565,[4_0];[6_2];[6_0];[6_1];[6_3],[0;2;6;7;8;9],[6_3];[6_3]
95,1,1,19,2,1363,[16_2];[19_1];[19_2];[17_2];[19_0];[18_1],[1;3;4;5],[19_0];[19_2]
95,2,2,19,11,2556,[20_9];[20_10];[21_11];[20_11];[19_11];[21_10];[21_9],[0;2;6;7;8;9],[20_11];[19_11];[19_11]
95,3,1,23,24,2391,[24_23];[24_24];[21_22];[23_22];[22_23];[24_22];[24_21];[22_22];[23_24],[1;3;4;5],[24_24];[23_24];[23_24]
95,4,1,3,22,2250,[3_23];[3_22];[2_22];[4_22];[4_23],[1;3;4;5],[4_23];[3_22]
95,5,1,19,21,2513,[19_21];[18_21];[16_18];[17_21];[19_20];[16_20];[16_19];[17_19],[1;3;4;5],[19_20];[19_20]
95,6,2,16,18,902,[19_20];[16_17];[16_20];[16_18];[20_21];[17_21];[16_19],[0;2;6;7;8;9],[16_17];[16_18];[16_19]
95,7,2,15,22,947,[14_23];[10_22];[10_24];[15_23];[11_24];[13_24],[0;2;6;7;8;9],[15_23];[15_23];[15_23]
95,8,2,18,11,1735,[19_12];[18_11];[19_13];[18_12];[19_11];[20_12],[0;2;6;7;8;9],[20_11];[20_11];[18_11]
95,9,2,2,17,2288,[2_18];[1_18];[2_19],[0;2;6;7;8;9],[2_18];[2_17];[2_18]
96,0,2,5,3,1566,[4_0];[6_2];[6_0];[5_3];[6_1];[6_3],[0;2;6;7;8;9],[6_3];[6_2];[5_3]
96,1,1,19,1,1364,[16_2];[19_1];[19_2];[17_2];[19_0];[18_1],[1;3;4;5],[19_0];[19_2];[19_2]
96,2,2,19,12,2557,[20_9];[20_10];[21_11];[20_11];[19_11];[21_9],[0;2;6;7;8;9],[19_11];[19_11];[19_11]
96,3,1,22,24,2392,[24_23];[24_24];[23_22];[22_23];[22_24];[24_22];[24_21];[22_22];[23_24],[1;3;4;5],[24_24];[22_24]
96,4,1,2,22,2251,[3_23];[3_22];[2_22];[4_22];[4_23],[1;3;4;5],[4_23];[3_22];[3_22]
96,5,1,18,21,2514,[19_21];[18_21];[16_18];[17_21];[19_20];[16_20];[16_19];[17_19],[1;3;4;5],[19_20];[19_20];[19_21]
96,6,2,17,18,903,[17_18];[19_20];[16_17];[16_20];[16_18];[20_21];[17_21];[16_19],[0;2;6;7;8;9],[16_18];[16_19];[17_18]
96,7,2,14,23,948,[14_23];[10_24];[15_23];[15_22];[11_24];[13_24],[0;2;6;7;8;9],[15_22];[14_23]
96,8,2,19,11,1736,[19_12];[18_11];[19_13];[18_12];[19_11];[20_12],[0;2;6;7;8;9],[20_11];[18_11];[18_11]
96,9,2,3,18,2289,[2_18];[1_18];[2_19];[3_18],[0;2;6;7;8;9],[2_17];[2_17];[3_18]
97,0,2,5,4,1567,[4_0];[6_2];[5_3];[6_1];[6_3],[0;2;6;7;8;9],[6_2];[5_3];[5_3]
97,1,1,19,0,1365,[16_2];[19_1];[19_2];[19_0];[18_1],[1;3;4;5],[19_2];[19_2];[19_1]
97,2,2,19,12,2558,[20_9];[20_10];[21_11];[20_11];[19_12];[19_11];[21_9],[0;2;6;7;8;9],[19_12];[19_12]
97,3,1,23,24,2393,[24_23];[24_24];[23_22];[22_23];[22_24];[24_22];[24_21];[23_24],[1;3;4;5],[24_24];[22_24];[22_24]
97,4,1,3,22,2252,[3_23];[3_22];[2_22];[4_22],[1;3;4;5],[3_22];[3_22];[2_22]
97,5,1,19,21,2515,[19_21];[18_21];[16_18];[17_21];[19_20];[16_20];[16_19];[17_19],[1;3;4;5],[19_20];[19_21];[18_21]
97,6,2,16,18,904,[17_18];[19_20];[16_17];[16_20];[16_18];[17_21];[16_19],[0;2;6;7;8;9],[16_19];[17_18];[17_18]
97,7,2,13,23,949,[14_23];[10_24];[15_23];[15_22];[11_24];[13_24],[0;2;6;7;8;9],[15_22];[14_23];[14_23]
97,8,2,18,12,1737,[19_12];[18_11];[19_13];[18_12];[19_11];[20_12],[0;2;6;7;8;9],[18_11];[19_11];[18_12]
97,9,2,3,17,2290,[2_18];[1_18];[2_19];[3_18],[0;2;6;7;8;9],[2_17];[3_18];[3_18]
98,0,2,6,4,1568,[4_0];[6_2];[5_3];[6_1];[5_4];[6_3],[0;2;6;7;8;9],[5_3];[5_3];[5_4]
98,1,1,19,0,1366,[16_2];[19_1];[19_2];[19_0];[18_1],[1;3;4;5],[19_2];[19_1];[19_0]
98,2,2,19,11,2559,[20_9];[20_10];[21_11];[20_11];[19_12];[19_11];[21_9],[0;2;6;7;8;9],[19_12];[19_12];[19_12]
98,3,1,24,23,2394,[24_23];[24_24];[23_22];[22_23];[22_24];[24_22];[24_21];[23_24],[1;3;4;5],[22_24];[23_24];[24_23]
98,4,1,3,23,2253,[3_23];[3_22];[2_22];[4_22],[1;3;4;5],[3_22];[2_22];[3_23]
98,5,1,18,21,2516,[19_21];[18_21];[16_18];[17_21];[19_20];[16_20];[16_19];[17_19],[1;3;4;5],[19_21];[18_21];[18_21]
98,6,2,16,20,905,[17_18];[16_17];[16_20];[16_18];[17_21];[16_19],[0;2;6;7;8;9],[17_18];[16_18];[16_20]
98,7,2,12,23,950,[14_23];[10_24];[15_23];[15_22];[11_24];[13_24];[13_23],[0;2;6;7;8;9],[14_23];[14_23];[13_23]
98,8,2,19,12,1738,[19_12];[18_11];[19_13];[18_12];[19_11],[0;2;6;7;8;9],[19_11];[18_12];[18_12]
98,9,2,2,17,2291,[3_17];[2_18];[1_18];[2_19];[3_18],[0;2;6;7;8;9],[3_18];[3_18];[3_17]
99,0,2,7,4,1569,[6_4];[6_2];[5_3];[6_1];[5_4];[6_3],[0;2;6;7;8;9],[5_3];[5_4];[6_4]
99,1,1,19,0,1367,[16_2];[19_1];[19_2];[19_0];[18_1],[1;3;4;5],[19_1];[19_0];[19_0]
99,2,2,19,12,2560,[20_9];[20_10];[21_11];[20_11];[19_12];[19_11],[0;2;6;7;8;9],[19_12];[19_12];[19_11]
99,3,1,24,24,2395,[24_23];[24_24];[23_22];[22_23];[22_24];[24_22];[24_21];[23_24],[1;3;4;5],[23_24];[24_23];[24_23]
99,4,1,3,22,2254,[3_23];[3_22];[2_22];[4_22],[1;3;4;5],[2_22];[3_23];[3_22]
99,5,1,20,21,2517,[19_21];[18_21];[16_18];[17_21];[20_21];[19_20];[16_19];[17_19],[1;3;4;5],[18_21];[18_21];[20_21]
99,6,2,16,19,906,[17_18];[16_17];[16_20];[16_18];[17_21];[16_19],[0;2;6;7;8;9],[16_18];[16_20];[16_20]
99,7,2,11,23,951,[14_23];[10_24];[15_23];[15_22];[11_24];[13_24];[13_23];[11_23],[0;2;6;7;8;9],[14_23];[13_23];[11_23]
99,8,2,19,11,1739,[19_12];[18_11];[19_13];[18_12];[19_11],[0;2;6;7;8;9],[18_12];[18_12];[19_12]
99,9,2,2,18,2292,[3_17];[2_18];[1_18];[2_19];[3_18];[2_17],[0;2;6;7;8;9],[3_18];[3_17];[2_17]
100,0,2,6,4,1570,[6_4];[6_2];[7_4];[5_3];[6_1];[5_4];[6_3],[0;2;6;7;8;9],[5_4];[6_4];[7_4]
100,1,1,19,1,1368,[19_1];[19_2];[19_0];[18_1],[1;3;4;5],[19_0];[19_0];[19_1]
100,2,2,19,11,2561,[20_9];[20_10];[21_11];[20_11];[19_12];[19_11],[0;2;6;7;8;9],[19_12];[19_11];[19_12]
100,3,1,23,24,2396,[24_23];[24_24];[23_22];[22_24];[24_22];[24_21];[23_24],[1;3;4;5],[24_23];[24_23];[24_24]
100,4,1,2,23,2255,[3_23];[3_22];[2_22];[4_22];[2_23],[1;3;4;5],[3_22];[3_22];[2_23]
100,5,1,19,21,2518,[19_21];[18_21];[16_18];[17_21];[20_21];[19_20];[16_19];[17_19],[1;3;4;5],[20_21];[20_21]
100,6,2,16,18,907,[17_18];[16_17];[16_20];[16_18];[16_19],[0;2;6;7;8;9],[16_20];[16_20];[16_19]
100,7,2,12,23,952,[14_23];[15_23];[15_22];[11_24];[12_23];[13_24];[13_23];[11_23],[0;2;6;7;8;9],[13_23];[11_23];[12_23]
100,8,2,19,12,1740,[18_11];[19_13];[18_12];[19_11],[0;2;6;7;8;9],[18_12];[19_12];[19_11]
100,9,2,2,17,2293,[3_17];[2_18];[1_18];[2_19];[3_18];[2_17],[0;2;6;7;8;9],[3_17];[2_17];[2_18]
