iteration,day,month,year,n_individuals,age_mortality, random_mortality
1,1,1,1,1000,0,0
2,2,1,1,1000,0,0
3,3,1,1,1000,0,0
4,4,1,1,1000,0,0
5,5,1,1,1000,0,0
6,6,1,1,1000,0,0
7,7,1,1,1000,0,0
8,8,1,1,1000,0,0
9,9,1,1,1000,0,0
10,10,1,1,1000,0,0
11,11,1,1,1000,0,0
12,12,1,1,1000,0,0
13,13,1,1,1000,0,0
14,14,1,1,1000,0,0
15,15,1,1,966,0,34
16,16,1,1,966,0,34
17,17,1,1,966,0,34
18,18,1,1,966,0,34
19,19,1,1,966,0,34
20,20,1,1,966,0,34
21,21,1,1,966,0,34
22,22,1,1,966,0,34
23,23,1,1,966,0,34
24,24,1,1,966,0,34
25,25,1,1,966,0,34
26,26,1,1,966,0,34
27,27,1,1,966,0,34
28,28,1,1,966,0,34
29,1,2,1,966,0,34
30,2,2,1,966,0,34
31,3,2,1,966,0,34
32,4,2,1,966,0,34
33,5,2,1,966,0,34
34,6,2,1,966,0,34
35,7,2,1,966,0,34
36,8,2,1,966,0,34
37,9,2,1,966,0,34
38,10,2,1,966,0,34
39,11,2,1,966,0,34
40,12,2,1,966,0,34
41,13,2,1,966,0,34
42,14,2,1,966,0,34
43,15,2,1,940,0,60
44,16,2,1,940,0,60
45,17,2,1,940,0,60
46,18,2,1,940,0,60
47,19,2,1,940,0,60
48,20,2,1,940,0,60
49,21,2,1,940,0,60
50,22,2,1,940,0,60
51,23,2,1,940,0,60
52,24,2,1,940,0,60
53,25,2,1,940,0,60
54,26,2,1,940,0,60
55,27,2,1,940,0,60
56,28,2,1,940,0,60
57,1,3,1,940,0,60
58,2,3,1,940,0,60
59,3,3,1,940,0,60
60,4,3,1,940,0,60
61,5,3,1,940,0,60
62,6,3,1,940,0,60
63,7,3,1,940,0,60
64,8,3,1,940,0,60
65,9,3,1,940,0,60
66,10,3,1,940,0,60
67,11,3,1,940,0,60
68,12,3,1,940,0,60
69,13,3,1,940,0,60
70,14,3,1,940,0,60
71,15,3,1,900,0,100
72,16,3,1,900,0,100
73,17,3,1,900,0,100
74,18,3,1,900,0,100
75,19,3,1,900,0,100
76,20,3,1,900,0,100
77,21,3,1,900,0,100
78,22,3,1,900,0,100
79,23,3,1,900,0,100
80,24,3,1,900,0,100
81,25,3,1,900,0,100
82,26,3,1,900,0,100
83,27,3,1,900,0,100
84,28,3,1,900,0,100
85,1,4,1,900,0,100
86,2,4,1,900,0,100
87,3,4,1,900,0,100
88,4,4,1,900,0,100
89,5,4,1,900,0,100
90,6,4,1,900,0,100
91,7,4,1,900,0,100
92,8,4,1,900,0,100
93,9,4,1,900,0,100
94,10,4,1,900,0,100
95,11,4,1,900,0,100
96,12,4,1,900,0,100
97,13,4,1,900,0,100
98,14,4,1,900,0,100
99,15,4,1,857,0,143
100,16,4,1,857,0,143
101,17,4,1,857,0,143
102,18,4,1,857,0,143
103,19,4,1,857,0,143
104,20,4,1,857,0,143
105,21,4,1,857,0,143
106,22,4,1,857,0,143
107,23,4,1,857,0,143
108,24,4,1,857,0,143
109,25,4,1,857,0,143
110,26,4,1,857,0,143
111,27,4,1,857,0,143
112,28,4,1,857,0,143
113,1,5,1,1727,0,143
114,2,5,1,1914,0,143
115,3,5,1,1932,0,143
116,4,5,1,1943,0,143
117,5,5,1,1943,0,143
118,6,5,1,1943,0,143
119,7,5,1,1943,0,143
120,8,5,1,1943,0,143
121,9,5,1,1943,0,143
122,10,5,1,1943,0,143
123,11,5,1,1943,0,143
124,12,5,1,1943,0,143
125,13,5,1,1943,0,143
126,14,5,1,1943,0,143
127,15,5,1,1855,0,231
128,16,5,1,1855,0,231
129,17,5,1,1855,0,231
130,18,5,1,1855,0,231
131,19,5,1,1855,0,231
132,20,5,1,1855,0,231
133,21,5,1,1855,0,231
134,22,5,1,1855,0,231
135,23,5,1,1855,0,231
136,24,5,1,1855,0,231
137,25,5,1,1855,0,231
138,26,5,1,1855,0,231
139,27,5,1,1855,0,231
140,28,5,1,1855,0,231
141,1,6,1,1855,0,231
142,2,6,1,1855,0,231
143,3,6,1,1855,0,231
144,4,6,1,1855,0,231
145,5,6,1,1855,0,231
146,6,6,1,1855,0,231
147,7,6,1,1855,0,231
148,8,6,1,1855,0,231
149,9,6,1,1855,0,231
150,10,6,1,1855,0,231
151,11,6,1,1855,0,231
152,12,6,1,1855,0,231
153,13,6,1,1855,0,231
154,14,6,1,1855,0,231
155,15,6,1,1789,0,297
156,16,6,1,1789,0,297
157,17,6,1,1789,0,297
158,18,6,1,1789,0,297
159,19,6,1,1789,0,297
160,20,6,1,1789,0,297
161,21,6,1,1789,0,297
162,22,6,1,1789,0,297
163,23,6,1,1789,0,297
164,24,6,1,1789,0,297
165,25,6,1,1789,0,297
166,26,6,1,1789,0,297
167,27,6,1,1789,0,297
168,28,6,1,1789,0,297
169,1,7,1,1789,0,297
170,2,7,1,1789,0,297
171,3,7,1,1789,0,297
172,4,7,1,1789,0,297
173,5,7,1,1789,0,297
174,6,7,1,1789,0,297
175,7,7,1,1789,0,297
176,8,7,1,1789,0,297
177,9,7,1,1789,0,297
178,10,7,1,1789,0,297
179,11,7,1,1789,0,297
180,12,7,1,1789,0,297
181,13,7,1,1789,0,297
182,14,7,1,1789,0,297
183,15,7,1,1720,0,366
184,16,7,1,1720,0,366
185,17,7,1,1720,0,366
186,18,7,1,1720,0,366
187,19,7,1,1720,0,366
188,20,7,1,1720,0,366
189,21,7,1,1720,0,366
190,22,7,1,1720,0,366
191,23,7,1,1720,0,366
192,24,7,1,1720,0,366
193,25,7,1,1720,0,366
194,26,7,1,1720,0,366
195,27,7,1,1720,0,366
196,28,7,1,1720,0,366
197,1,8,1,1720,0,366
198,2,8,1,1720,0,366
199,3,8,1,1720,0,366
200,4,8,1,1720,0,366
201,5,8,1,1720,0,366
202,6,8,1,1720,0,366
203,7,8,1,1720,0,366
204,8,8,1,1720,0,366
205,9,8,1,1720,0,366
206,10,8,1,1720,0,366
207,11,8,1,1720,0,366
208,12,8,1,1720,0,366
209,13,8,1,1720,0,366
210,14,8,1,1720,0,366
211,15,8,1,1630,0,456
212,16,8,1,1630,0,456
213,17,8,1,1630,0,456
214,18,8,1,1630,0,456
215,19,8,1,1630,0,456
216,20,8,1,1630,0,456
217,21,8,1,1630,0,456
218,22,8,1,1630,0,456
219,23,8,1,1630,0,456
220,24,8,1,1630,0,456
221,25,8,1,1630,0,456
222,26,8,1,1630,0,456
223,27,8,1,1630,0,456
224,28,8,1,1630,0,456
225,1,9,1,1630,0,456
226,2,9,1,1630,0,456
227,3,9,1,1630,0,456
228,4,9,1,1630,0,456
229,5,9,1,1630,0,456
230,6,9,1,1630,0,456
231,7,9,1,1630,0,456
232,8,9,1,1630,0,456
233,9,9,1,1630,0,456
234,10,9,1,1630,0,456
235,11,9,1,1630,0,456
236,12,9,1,1630,0,456
237,13,9,1,1630,0,456
238,14,9,1,1630,0,456
239,15,9,1,1558,0,528
240,16,9,1,1558,0,528
241,17,9,1,1558,0,528
242,18,9,1,1558,0,528
243,19,9,1,1558,0,528
244,20,9,1,1558,0,528
245,21,9,1,1558,0,528
246,22,9,1,1558,0,528
247,23,9,1,1558,0,528
248,24,9,1,1558,0,528
249,25,9,1,1558,0,528
250,26,9,1,1558,0,528
251,27,9,1,1558,0,528
252,28,9,1,1558,0,528
253,1,10,1,1558,0,528
254,2,10,1,1558,0,528
255,3,10,1,1558,0,528
256,4,10,1,1558,0,528
257,5,10,1,1558,0,528
258,6,10,1,1558,0,528
259,7,10,1,1558,0,528
260,8,10,1,1558,0,528
261,9,10,1,1558,0,528
262,10,10,1,1558,0,528
263,11,10,1,1558,0,528
264,12,10,1,1558,0,528
265,13,10,1,1558,0,528
266,14,10,1,1558,0,528
267,15,10,1,1480,0,606
268,16,10,1,1480,0,606
269,17,10,1,1480,0,606
270,18,10,1,1480,0,606
271,19,10,1,1480,0,606
272,20,10,1,1480,0,606
273,21,10,1,1480,0,606
274,22,10,1,1480,0,606
275,23,10,1,1480,0,606
276,24,10,1,1480,0,606
277,25,10,1,1480,0,606
278,26,10,1,1480,0,606
279,27,10,1,1480,0,606
280,28,10,1,1480,0,606
281,1,11,1,1480,0,606
282,2,11,1,1480,0,606
283,3,11,1,1480,0,606
284,4,11,1,1480,0,606
285,5,11,1,1480,0,606
286,6,11,1,1480,0,606
287,7,11,1,1480,0,606
288,8,11,1,1480,0,606
289,9,11,1,1480,0,606
290,10,11,1,1480,0,606
291,11,11,1,1480,0,606
292,12,11,1,1480,0,606
293,13,11,1,1480,0,606
294,14,11,1,1480,0,606
295,15,11,1,1410,0,676
296,16,11,1,1410,0,676
297,17,11,1,1410,0,676
298,18,11,1,1410,0,676
299,19,11,1,1410,0,676
300,20,11,1,1410,0,676
301,21,11,1,1410,0,676
302,22,11,1,1410,0,676
303,23,11,1,1410,0,676
304,24,11,1,1410,0,676
305,25,11,1,1410,0,676
306,26,11,1,1410,0,676
307,27,11,1,1410,0,676
308,28,11,1,1410,0,676
309,1,12,1,1410,0,676
310,2,12,1,1410,0,676
311,3,12,1,1410,0,676
312,4,12,1,1410,0,676
313,5,12,1,1410,0,676
314,6,12,1,1410,0,676
315,7,12,1,1410,0,676
316,8,12,1,1410,0,676
317,9,12,1,1410,0,676
318,10,12,1,1410,0,676
319,11,12,1,1410,0,676
320,12,12,1,1410,0,676
321,13,12,1,1410,0,676
322,14,12,1,1410,0,676
323,15,12,1,1347,0,739
324,16,12,1,1347,0,739
325,17,12,1,1347,0,739
326,18,12,1,1347,0,739
327,19,12,1,1347,0,739
328,20,12,1,1347,0,739
329,21,12,1,1347,0,739
330,22,12,1,1347,0,739
331,23,12,1,1347,0,739
332,24,12,1,1347,0,739
333,25,12,1,1347,0,739
334,26,12,1,1347,0,739
335,27,12,1,1347,0,739
336,28,12,1,1347,0,739
337,1,1,2,1347,0,739
338,2,1,2,1347,0,739
339,3,1,2,1347,0,739
340,4,1,2,1347,0,739
341,5,1,2,1347,0,739
342,6,1,2,1347,0,739
343,7,1,2,1347,0,739
344,8,1,2,1347,0,739
345,9,1,2,1347,0,739
346,10,1,2,1347,0,739
347,11,1,2,1347,0,739
348,12,1,2,1347,0,739
349,13,1,2,1347,0,739
350,14,1,2,1347,0,739
351,15,1,2,1288,0,798
352,16,1,2,1288,0,798
353,17,1,2,1288,0,798
354,18,1,2,1288,0,798
355,19,1,2,1288,0,798
356,20,1,2,1288,0,798
357,21,1,2,1288,0,798
358,22,1,2,1288,0,798
359,23,1,2,1288,0,798
360,24,1,2,1288,0,798
361,25,1,2,1288,0,798
362,26,1,2,1288,0,798
363,27,1,2,1288,0,798
364,28,1,2,1288,0,798
365,1,2,2,1288,0,798
366,2,2,2,1288,0,798
367,3,2,2,1288,0,798
368,4,2,2,1288,0,798
369,5,2,2,1288,0,798
370,6,2,2,1288,0,798
371,7,2,2,1288,0,798
372,8,2,2,1288,0,798
373,9,2,2,1288,0,798
374,10,2,2,1288,0,798
375,11,2,2,1288,0,798
376,12,2,2,1288,0,798
377,13,2,2,1288,0,798
378,14,2,2,1288,0,798
379,15,2,2,1227,0,859
380,16,2,2,1227,0,859
381,17,2,2,1227,0,859
382,18,2,2,1227,0,859
383,19,2,2,1227,0,859
384,20,2,2,1227,0,859
385,21,2,2,1227,0,859
386,22,2,2,1227,0,859
387,23,2,2,1227,0,859
388,24,2,2,1227,0,859
389,25,2,2,1227,0,859
390,26,2,2,1227,0,859
391,27,2,2,1227,0,859
392,28,2,2,1227,0,859
393,1,3,2,1227,0,859
394,2,3,2,1227,0,859
395,3,3,2,1227,0,859
396,4,3,2,1227,0,859
397,5,3,2,1227,0,859
398,6,3,2,1227,0,859
399,7,3,2,1227,0,859
400,8,3,2,1227,0,859
401,9,3,2,1227,0,859
402,10,3,2,1227,0,859
403,11,3,2,1227,0,859
404,12,3,2,1227,0,859
405,13,3,2,1227,0,859
406,14,3,2,1227,0,859
407,15,3,2,1177,0,909
408,16,3,2,1177,0,909
409,17,3,2,1177,0,909
410,18,3,2,1177,0,909
411,19,3,2,1177,0,909
412,20,3,2,1177,0,909
413,21,3,2,1177,0,909
414,22,3,2,1177,0,909
415,23,3,2,1177,0,909
416,24,3,2,1177,0,909
417,25,3,2,1177,0,909
418,26,3,2,1177,0,909
419,27,3,2,1177,0,909
420,28,3,2,1177,0,909
421,1,4,2,1177,0,909
422,2,4,2,1177,0,909
423,3,4,2,1177,0,909
424,4,4,2,1177,0,909
425,5,4,2,1177,0,909
426,6,4,2,1177,0,909
427,7,4,2,1177,0,909
428,8,4,2,1177,0,909
429,9,4,2,1177,0,909
430,10,4,2,1177,0,909
431,11,4,2,1177,0,909
432,12,4,2,1177,0,909
433,13,4,2,1177,0,909
434,14,4,2,1177,0,909
435,15,4,2,1120,0,966
436,16,4,2,1120,0,966
437,17,4,2,1120,0,966
438,18,4,2,1120,0,966
439,19,4,2,1120,0,966
440,20,4,2,1120,0,966
441,21,4,2,1120,0,966
442,22,4,2,1120,0,966
443,23,4,2,1120,0,966
444,24,4,2,1120,0,966
445,25,4,2,1120,0,966
446,26,4,2,1120,0,966
447,27,4,2,1120,0,966
448,28,4,2,1120,0,966
449,1,5,2,1559,0,966
450,2,5,2,1763,0,966
451,3,5,2,1810,0,966
452,4,5,2,1817,0,966
453,5,5,2,1822,0,966
454,6,5,2,1822,0,966
455,7,5,2,1822,0,966
456,8,5,2,1822,0,966
457,9,5,2,1822,0,966
458,10,5,2,1822,0,966
459,11,5,2,1822,0,966
460,12,5,2,1822,0,966
461,13,5,2,1822,0,966
462,14,5,2,1822,0,966
463,15,5,2,1753,0,1035
464,16,5,2,1753,0,1035
465,17,5,2,1753,0,1035
466,18,5,2,1753,0,1035
467,19,5,2,1753,0,1035
468,20,5,2,1753,0,1035
469,21,5,2,1753,0,1035
470,22,5,2,1753,0,1035
471,23,5,2,1753,0,1035
472,24,5,2,1753,0,1035
473,25,5,2,1753,0,1035
474,26,5,2,1753,0,1035
475,27,5,2,1753,0,1035
476,28,5,2,1753,0,1035
477,1,6,2,1753,0,1035
478,2,6,2,1753,0,1035
479,3,6,2,1753,0,1035
480,4,6,2,1753,0,1035
481,5,6,2,1753,0,1035
482,6,6,2,1753,0,1035
483,7,6,2,1753,0,1035
484,8,6,2,1753,0,1035
485,9,6,2,1753,0,1035
486,10,6,2,1753,0,1035
487,11,6,2,1753,0,1035
488,12,6,2,1753,0,1035
489,13,6,2,1753,0,1035
490,14,6,2,1753,0,1035
491,15,6,2,1691,0,1097
492,16,6,2,1691,0,1097
493,17,6,2,1691,0,1097
494,18,6,2,1691,0,1097
495,19,6,2,1691,0,1097
496,20,6,2,1691,0,1097
497,21,6,2,1691,0,1097
498,22,6,2,1691,0,1097
499,23,6,2,1691,0,1097
500,24,6,2,1691,0,1097
501,25,6,2,1691,0,1097
502,26,6,2,1691,0,1097
503,27,6,2,1691,0,1097
504,28,6,2,1691,0,1097
505,1,7,2,1691,0,1097
506,2,7,2,1691,0,1097
507,3,7,2,1691,0,1097
508,4,7,2,1691,0,1097
509,5,7,2,1691,0,1097
510,6,7,2,1691,0,1097
511,7,7,2,1691,0,1097
512,8,7,2,1691,0,1097
513,9,7,2,1691,0,1097
514,10,7,2,1691,0,1097
515,11,7,2,1691,0,1097
516,12,7,2,1691,0,1097
517,13,7,2,1691,0,1097
518,14,7,2,1691,0,1097
519,15,7,2,1620,0,1168
520,16,7,2,1620,0,1168
521,17,7,2,1620,0,1168
522,18,7,2,1620,0,1168
523,19,7,2,1620,0,1168
524,20,7,2,1620,0,1168
525,21,7,2,1620,0,1168
526,22,7,2,1620,0,1168
527,23,7,2,1620,0,1168
528,24,7,2,1620,0,1168
529,25,7,2,1620,0,1168
530,26,7,2,1620,0,1168
531,27,7,2,1620,0,1168
532,28,7,2,1620,0,1168
533,1,8,2,1620,0,1168
534,2,8,2,1620,0,1168
535,3,8,2,1620,0,1168
536,4,8,2,1620,0,1168
537,5,8,2,1620,0,1168
538,6,8,2,1620,0,1168
539,7,8,2,1620,0,1168
540,8,8,2,1620,0,1168
541,9,8,2,1620,0,1168
542,10,8,2,1620,0,1168
543,11,8,2,1620,0,1168
544,12,8,2,1620,0,1168
545,13,8,2,1620,0,1168
546,14,8,2,1620,0,1168
547,15,8,2,1559,0,1229
548,16,8,2,1559,0,1229
549,17,8,2,1559,0,1229
550,18,8,2,1559,0,1229
551,19,8,2,1559,0,1229
552,20,8,2,1559,0,1229
553,21,8,2,1559,0,1229
554,22,8,2,1559,0,1229
555,23,8,2,1559,0,1229
556,24,8,2,1559,0,1229
557,25,8,2,1559,0,1229
558,26,8,2,1559,0,1229
559,27,8,2,1559,0,1229
560,28,8,2,1559,0,1229
561,1,9,2,1559,0,1229
562,2,9,2,1559,0,1229
563,3,9,2,1559,0,1229
564,4,9,2,1559,0,1229
565,5,9,2,1559,0,1229
566,6,9,2,1559,0,1229
567,7,9,2,1559,0,1229
568,8,9,2,1559,0,1229
569,9,9,2,1559,0,1229
570,10,9,2,1559,0,1229
571,11,9,2,1559,0,1229
572,12,9,2,1559,0,1229
573,13,9,2,1559,0,1229
574,14,9,2,1559,0,1229
575,15,9,2,1484,0,1304
576,16,9,2,1484,0,1304
577,17,9,2,1484,0,1304
578,18,9,2,1484,0,1304
579,19,9,2,1484,0,1304
580,20,9,2,1484,0,1304
581,21,9,2,1484,0,1304
582,22,9,2,1484,0,1304
583,23,9,2,1484,0,1304
584,24,9,2,1484,0,1304
585,25,9,2,1484,0,1304
586,26,9,2,1484,0,1304
587,27,9,2,1484,0,1304
588,28,9,2,1484,0,1304
589,1,10,2,1484,0,1304
590,2,10,2,1484,0,1304
591,3,10,2,1484,0,1304
592,4,10,2,1484,0,1304
593,5,10,2,1484,0,1304
594,6,10,2,1484,0,1304
595,7,10,2,1484,0,1304
596,8,10,2,1484,0,1304
597,9,10,2,1484,0,1304
598,10,10,2,1484,0,1304
599,11,10,2,1484,0,1304
600,12,10,2,1484,0,1304
601,13,10,2,1484,0,1304
602,14,10,2,1484,0,1304
603,15,10,2,1416,0,1372
604,16,10,2,1416,0,1372
605,17,10,2,1416,0,1372
606,18,10,2,1416,0,1372
607,19,10,2,1416,0,1372
608,20,10,2,1416,0,1372
609,21,10,2,1416,0,1372
610,22,10,2,1416,0,1372
611,23,10,2,1416,0,1372
612,24,10,2,1416,0,1372
613,25,10,2,1416,0,1372
614,26,10,2,1416,0,1372
615,27,10,2,1416,0,1372
616,28,10,2,1416,0,1372
617,1,11,2,1416,0,1372
618,2,11,2,1416,0,1372
619,3,11,2,1416,0,1372
620,4,11,2,1416,0,1372
621,5,11,2,1416,0,1372
622,6,11,2,1416,0,1372
623,7,11,2,1416,0,1372
624,8,11,2,1416,0,1372
625,9,11,2,1416,0,1372
626,10,11,2,1416,0,1372
627,11,11,2,1416,0,1372
628,12,11,2,1416,0,1372
629,13,11,2,1416,0,1372
630,14,11,2,1416,0,1372
631,15,11,2,1344,0,1444
632,16,11,2,1344,0,1444
633,17,11,2,1344,0,1444
634,18,11,2,1344,0,1444
635,19,11,2,1344,0,1444
636,20,11,2,1344,0,1444
637,21,11,2,1344,0,1444
638,22,11,2,1344,0,1444
639,23,11,2,1344,0,1444
640,24,11,2,1344,0,1444
641,25,11,2,1344,0,1444
642,26,11,2,1344,0,1444
643,27,11,2,1344,0,1444
644,28,11,2,1344,0,1444
645,1,12,2,1344,0,1444
646,2,12,2,1344,0,1444
647,3,12,2,1344,0,1444
648,4,12,2,1344,0,1444
649,5,12,2,1344,0,1444
650,6,12,2,1344,0,1444
651,7,12,2,1344,0,1444
652,8,12,2,1344,0,1444
653,9,12,2,1344,0,1444
654,10,12,2,1344,0,1444
655,11,12,2,1344,0,1444
656,12,12,2,1344,0,1444
657,13,12,2,1344,0,1444
658,14,12,2,1344,0,1444
659,15,12,2,1285,0,1503
660,16,12,2,1285,0,1503
661,17,12,2,1285,0,1503
662,18,12,2,1285,0,1503
663,19,12,2,1285,0,1503
664,20,12,2,1285,0,1503
665,21,12,2,1285,0,1503
666,22,12,2,1285,0,1503
667,23,12,2,1285,0,1503
668,24,12,2,1285,0,1503
669,25,12,2,1285,0,1503
670,26,12,2,1285,0,1503
671,27,12,2,1285,0,1503
672,28,12,2,1285,0,1503
673,1,1,3,1285,0,1503
674,2,1,3,1285,0,1503
675,3,1,3,1285,0,1503
676,4,1,3,1285,0,1503
677,5,1,3,1285,0,1503
678,6,1,3,1285,0,1503
679,7,1,3,1285,0,1503
680,8,1,3,1285,0,1503
681,9,1,3,1285,0,1503
682,10,1,3,1285,0,1503
683,11,1,3,1285,0,1503
684,12,1,3,1285,0,1503
685,13,1,3,1285,0,1503
686,14,1,3,1285,0,1503
687,15,1,3,1221,0,1567
688,16,1,3,1221,0,1567
689,17,1,3,1221,0,1567
690,18,1,3,1221,0,1567
691,19,1,3,1221,0,1567
692,20,1,3,1221,0,1567
693,21,1,3,1221,0,1567
694,22,1,3,1221,0,1567
695,23,1,3,1221,0,1567
696,24,1,3,1221,0,1567
697,25,1,3,1221,0,1567
698,26,1,3,1221,0,1567
699,27,1,3,1221,0,1567
700,28,1,3,1221,0,1567
701,1,2,3,1221,0,1567
702,2,2,3,1221,0,1567
703,3,2,3,1221,0,1567
704,4,2,3,1221,0,1567
705,5,2,3,1221,0,1567
706,6,2,3,1221,0,1567
707,7,2,3,1221,0,1567
708,8,2,3,1221,0,1567
709,9,2,3,1221,0,1567
710,10,2,3,1221,0,1567
711,11,2,3,1221,0,1567
712,12,2,3,1221,0,1567
713,13,2,3,1221,0,1567
714,14,2,3,1221,0,1567
715,15,2,3,1170,0,1618
716,16,2,3,1170,0,1618
717,17,2,3,1170,0,1618
718,18,2,3,1170,0,1618
719,19,2,3,1170,0,1618
720,20,2,3,1170,0,1618
721,21,2,3,1170,0,1618
722,22,2,3,1170,0,1618
723,23,2,3,1170,0,1618
724,24,2,3,1170,0,1618
725,25,2,3,1170,0,1618
726,26,2,3,1170,0,1618
727,27,2,3,1170,0,1618
728,28,2,3,1170,0,1618
729,1,3,3,1170,0,1618
730,2,3,3,1170,0,1618
731,3,3,3,1170,0,1618
732,4,3,3,1170,0,1618
733,5,3,3,1170,0,1618
734,6,3,3,1170,0,1618
735,7,3,3,1170,0,1618
736,8,3,3,1170,0,1618
737,9,3,3,1170,0,1618
738,10,3,3,1170,0,1618
739,11,3,3,1170,0,1618
740,12,3,3,1170,0,1618
741,13,3,3,1170,0,1618
742,14,3,3,1170,0,1618
743,15,3,3,1125,0,1663
744,16,3,3,1125,0,1663
745,17,3,3,1125,0,1663
746,18,3,3,1125,0,1663
747,19,3,3,1125,0,1663
748,20,3,3,1125,0,1663
749,21,3,3,1125,0,1663
750,22,3,3,1125,0,1663
751,23,3,3,1125,0,1663
752,24,3,3,1125,0,1663
753,25,3,3,1125,0,1663
754,26,3,3,1125,0,1663
755,27,3,3,1125,0,1663
756,28,3,3,1125,0,1663
757,1,4,3,1125,0,1663
758,2,4,3,1125,0,1663
759,3,4,3,1125,0,1663
760,4,4,3,1125,0,1663
761,5,4,3,1125,0,1663
762,6,4,3,1125,0,1663
763,7,4,3,1125,0,1663
764,8,4,3,1125,0,1663
765,9,4,3,1125,0,1663
766,10,4,3,1125,0,1663
767,11,4,3,1125,0,1663
768,12,4,3,1125,0,1663
769,13,4,3,1125,0,1663
770,14,4,3,1125,0,1663
771,15,4,3,1085,0,1703
772,16,4,3,1085,0,1703
773,17,4,3,1085,0,1703
774,18,4,3,1085,0,1703
775,19,4,3,1085,0,1703
776,20,4,3,1085,0,1703
777,21,4,3,1085,0,1703
778,22,4,3,1085,0,1703
779,23,4,3,1085,0,1703
780,24,4,3,1085,0,1703
781,25,4,3,1085,0,1703
782,26,4,3,1085,0,1703
783,27,4,3,1085,0,1703
784,28,4,3,1085,0,1703
785,1,5,3,1604,0,1703
786,2,5,3,1851,0,1703
787,3,5,3,1952,0,1703
788,4,5,3,1968,0,1703
789,5,5,3,1968,0,1703
790,6,5,3,1971,0,1703
791,7,5,3,1971,0,1703
792,8,5,3,1971,0,1703
793,9,5,3,1971,0,1703
794,10,5,3,1971,0,1703
795,11,5,3,1971,0,1703
796,12,5,3,1971,0,1703
797,13,5,3,1971,0,1703
798,14,5,3,1971,0,1703
799,15,5,3,1879,0,1795
800,16,5,3,1879,0,1795
801,17,5,3,1879,0,1795
802,18,5,3,1879,0,1795
803,19,5,3,1879,0,1795
804,20,5,3,1879,0,1795
805,21,5,3,1879,0,1795
806,22,5,3,1879,0,1795
807,23,5,3,1879,0,1795
808,24,5,3,1879,0,1795
809,25,5,3,1879,0,1795
810,26,5,3,1879,0,1795
811,27,5,3,1879,0,1795
812,28,5,3,1879,0,1795
813,1,6,3,1879,0,1795
814,2,6,3,1879,0,1795
815,3,6,3,1879,0,1795
816,4,6,3,1879,0,1795
817,5,6,3,1879,0,1795
818,6,6,3,1879,0,1795
819,7,6,3,1879,0,1795
820,8,6,3,1879,0,1795
821,9,6,3,1879,0,1795
822,10,6,3,1879,0,1795
823,11,6,3,1879,0,1795
824,12,6,3,1879,0,1795
825,13,6,3,1879,0,1795
826,14,6,3,1879,0,1795
827,15,6,3,1789,0,1885
828,16,6,3,1789,0,1885
829,17,6,3,1789,0,1885
830,18,6,3,1789,0,1885
831,19,6,3,1789,0,1885
832,20,6,3,1789,0,1885
833,21,6,3,1789,0,1885
834,22,6,3,1789,0,1885
835,23,6,3,1789,0,1885
836,24,6,3,1789,0,1885
837,25,6,3,1789,0,1885
838,26,6,3,1789,0,1885
839,27,6,3,1789,0,1885
840,28,6,3,1789,0,1885
841,1,7,3,1789,0,1885
842,2,7,3,1789,0,1885
843,3,7,3,1789,0,1885
844,4,7,3,1789,0,1885
845,5,7,3,1789,0,1885
846,6,7,3,1789,0,1885
847,7,7,3,1789,0,1885
848,8,7,3,1789,0,1885
849,9,7,3,1789,0,1885
850,10,7,3,1789,0,1885
851,11,7,3,1789,0,1885
852,12,7,3,1789,0,1885
853,13,7,3,1789,0,1885
854,14,7,3,1789,0,1885
855,15,7,3,1707,0,1967
856,16,7,3,1707,0,1967
857,17,7,3,1707,0,1967
858,18,7,3,1707,0,1967
859,19,7,3,1707,0,1967
860,20,7,3,1707,0,1967
861,21,7,3,1707,0,1967
862,22,7,3,1707,0,1967
863,23,7,3,1707,0,1967
864,24,7,3,1707,0,1967
865,25,7,3,1707,0,1967
866,26,7,3,1707,0,1967
867,27,7,3,1707,0,1967
868,28,7,3,1707,0,1967
869,1,8,3,1707,0,1967
870,2,8,3,1707,0,1967
871,3,8,3,1707,0,1967
872,4,8,3,1707,0,1967
873,5,8,3,1707,0,1967
874,6,8,3,1707,0,1967
875,7,8,3,1707,0,1967
876,8,8,3,1707,0,1967
877,9,8,3,1707,0,1967
878,10,8,3,1707,0,1967
879,11,8,3,1707,0,1967
880,12,8,3,1707,0,1967
881,13,8,3,1707,0,1967
882,14,8,3,1707,0,1967
883,15,8,3,1639,0,2035
884,16,8,3,1639,0,2035
885,17,8,3,1639,0,2035
886,18,8,3,1639,0,2035
887,19,8,3,1639,0,2035
888,20,8,3,1639,0,2035
889,21,8,3,1639,0,2035
890,22,8,3,1639,0,2035
891,23,8,3,1639,0,2035
892,24,8,3,1639,0,2035
893,25,8,3,1639,0,2035
894,26,8,3,1639,0,2035
895,27,8,3,1639,0,2035
896,28,8,3,1639,0,2035
897,1,9,3,1639,0,2035
898,2,9,3,1639,0,2035
899,3,9,3,1639,0,2035
900,4,9,3,1639,0,2035
901,5,9,3,1639,0,2035
902,6,9,3,1639,0,2035
903,7,9,3,1639,0,2035
904,8,9,3,1639,0,2035
905,9,9,3,1639,0,2035
906,10,9,3,1639,0,2035
907,11,9,3,1639,0,2035
908,12,9,3,1639,0,2035
909,13,9,3,1639,0,2035
910,14,9,3,1639,0,2035
911,15,9,3,1580,0,2094
912,16,9,3,1580,0,2094
913,17,9,3,1580,0,2094
914,18,9,3,1580,0,2094
915,19,9,3,1580,0,2094
916,20,9,3,1580,0,2094
917,21,9,3,1580,0,2094
918,22,9,3,1580,0,2094
919,23,9,3,1580,0,2094
920,24,9,3,1580,0,2094
921,25,9,3,1580,0,2094
922,26,9,3,1580,0,2094
923,27,9,3,1580,0,2094
924,28,9,3,1580,0,2094
925,1,10,3,1580,0,2094
926,2,10,3,1580,0,2094
927,3,10,3,1580,0,2094
928,4,10,3,1580,0,2094
929,5,10,3,1580,0,2094
930,6,10,3,1580,0,2094
931,7,10,3,1580,0,2094
932,8,10,3,1580,0,2094
933,9,10,3,1580,0,2094
934,10,10,3,1580,0,2094
935,11,10,3,1580,0,2094
936,12,10,3,1580,0,2094
937,13,10,3,1580,0,2094
938,14,10,3,1580,0,2094
939,15,10,3,1521,0,2153
940,16,10,3,1521,0,2153
941,17,10,3,1521,0,2153
942,18,10,3,1521,0,2153
943,19,10,3,1521,0,2153
944,20,10,3,1521,0,2153
945,21,10,3,1521,0,2153
946,22,10,3,1521,0,2153
947,23,10,3,1521,0,2153
948,24,10,3,1521,0,2153
949,25,10,3,1521,0,2153
950,26,10,3,1521,0,2153
951,27,10,3,1521,0,2153
952,28,10,3,1521,0,2153
953,1,11,3,1521,0,2153
954,2,11,3,1521,0,2153
955,3,11,3,1521,0,2153
956,4,11,3,1521,0,2153
957,5,11,3,1521,0,2153
958,6,11,3,1521,0,2153
959,7,11,3,1521,0,2153
960,8,11,3,1521,0,2153
961,9,11,3,1521,0,2153
962,10,11,3,1521,0,2153
963,11,11,3,1521,0,2153
964,12,11,3,1521,0,2153
965,13,11,3,1521,0,2153
966,14,11,3,1521,0,2153
967,15,11,3,1457,0,2217
968,16,11,3,1457,0,2217
969,17,11,3,1457,0,2217
970,18,11,3,1457,0,2217
971,19,11,3,1457,0,2217
972,20,11,3,1457,0,2217
973,21,11,3,1457,0,2217
974,22,11,3,1457,0,2217
975,23,11,3,1457,0,2217
976,24,11,3,1457,0,2217
977,25,11,3,1457,0,2217
978,26,11,3,1457,0,2217
979,27,11,3,1457,0,2217
980,28,11,3,1457,0,2217
981,1,12,3,1457,0,2217
982,2,12,3,1457,0,2217
983,3,12,3,1457,0,2217
984,4,12,3,1457,0,2217
985,5,12,3,1457,0,2217
986,6,12,3,1457,0,2217
987,7,12,3,1457,0,2217
988,8,12,3,1457,0,2217
989,9,12,3,1457,0,2217
990,10,12,3,1457,0,2217
991,11,12,3,1457,0,2217
992,12,12,3,1457,0,2217
993,13,12,3,1457,0,2217
994,14,12,3,1457,0,2217
995,15,12,3,1390,0,2284
996,16,12,3,1390,0,2284
997,17,12,3,1390,0,2284
998,18,12,3,1390,0,2284
999,19,12,3,1390,0,2284
1000,20,12,3,1390,0,2284
1001,21,12,3,1390,0,2284
1002,22,12,3,1390,0,2284
1003,23,12,3,1390,0,2284
1004,24,12,3,1390,0,2284
1005,25,12,3,1390,0,2284
1006,26,12,3,1390,0,2284
1007,27,12,3,1390,0,2284
1008,28,12,3,1390,0,2284
1009,1,1,4,1390,0,2284
1010,2,1,4,1390,0,2284
1011,3,1,4,1390,0,2284
1012,4,1,4,1390,0,2284
1013,5,1,4,1390,0,2284
1014,6,1,4,1390,0,2284
1015,7,1,4,1390,0,2284
1016,8,1,4,1390,0,2284
1017,9,1,4,1390,0,2284
1018,10,1,4,1390,0,2284
1019,11,1,4,1390,0,2284
1020,12,1,4,1390,0,2284
1021,13,1,4,1390,0,2284
1022,14,1,4,1390,0,2284
1023,15,1,4,1318,0,2356
1024,16,1,4,1318,0,2356
1025,17,1,4,1318,0,2356
1026,18,1,4,1318,0,2356
1027,19,1,4,1318,0,2356
1028,20,1,4,1318,0,2356
1029,21,1,4,1318,0,2356
1030,22,1,4,1318,0,2356
1031,23,1,4,1318,0,2356
1032,24,1,4,1318,0,2356
1033,25,1,4,1318,0,2356
1034,26,1,4,1318,0,2356
1035,27,1,4,1318,0,2356
1036,28,1,4,1318,0,2356
1037,1,2,4,1318,0,2356
1038,2,2,4,1318,0,2356
1039,3,2,4,1318,0,2356
1040,4,2,4,1318,0,2356
1041,5,2,4,1318,0,2356
1042,6,2,4,1318,0,2356
1043,7,2,4,1318,0,2356
1044,8,2,4,1318,0,2356
1045,9,2,4,1318,0,2356
1046,10,2,4,1318,0,2356
1047,11,2,4,1318,0,2356
1048,12,2,4,1318,0,2356
1049,13,2,4,1318,0,2356
1050,14,2,4,1318,0,2356
1051,15,2,4,1261,0,2413
1052,16,2,4,1261,0,2413
1053,17,2,4,1261,0,2413
1054,18,2,4,1261,0,2413
1055,19,2,4,1261,0,2413
1056,20,2,4,1261,0,2413
1057,21,2,4,1261,0,2413
1058,22,2,4,1261,0,2413
1059,23,2,4,1261,0,2413
1060,24,2,4,1261,0,2413
1061,25,2,4,1261,0,2413
1062,26,2,4,1261,0,2413
1063,27,2,4,1261,0,2413
1064,28,2,4,1261,0,2413
1065,1,3,4,1261,0,2413
1066,2,3,4,1261,0,2413
1067,3,3,4,1261,0,2413
1068,4,3,4,1261,0,2413
1069,5,3,4,1261,0,2413
1070,6,3,4,1261,0,2413
1071,7,3,4,1261,0,2413
1072,8,3,4,1261,0,2413
1073,9,3,4,1261,0,2413
1074,10,3,4,1261,0,2413
1075,11,3,4,1261,0,2413
1076,12,3,4,1261,0,2413
1077,13,3,4,1261,0,2413
1078,14,3,4,1261,0,2413
1079,15,3,4,1214,0,2460
1080,16,3,4,1214,0,2460
1081,17,3,4,1214,0,2460
1082,18,3,4,1214,0,2460
1083,19,3,4,1214,0,2460
1084,20,3,4,1214,0,2460
1085,21,3,4,1214,0,2460
1086,22,3,4,1214,0,2460
1087,23,3,4,1214,0,2460
1088,24,3,4,1214,0,2460
1089,25,3,4,1214,0,2460
1090,26,3,4,1214,0,2460
1091,27,3,4,1214,0,2460
1092,28,3,4,1214,0,2460
1093,1,4,4,1214,0,2460
1094,2,4,4,1214,0,2460
1095,3,4,4,1214,0,2460
1096,4,4,4,1214,0,2460
1097,5,4,4,1214,0,2460
1098,6,4,4,1214,0,2460
1099,7,4,4,1214,0,2460
1100,8,4,4,1214,0,2460
1101,9,4,4,1214,0,2460
1102,10,4,4,1214,0,2460
1103,11,4,4,1214,0,2460
1104,12,4,4,1214,0,2460
1105,13,4,4,1214,0,2460
1106,14,4,4,1214,0,2460
1107,15,4,4,1170,0,2504
1108,16,4,4,1170,0,2504
1109,17,4,4,1170,0,2504
1110,18,4,4,1170,0,2504
1111,19,4,4,1170,0,2504
1112,20,4,4,1170,0,2504
1113,21,4,4,1170,0,2504
1114,22,4,4,1170,0,2504
1115,23,4,4,1170,0,2504
1116,24,4,4,1170,0,2504
1117,25,4,4,1170,0,2504
1118,26,4,4,1170,0,2504
1119,27,4,4,1170,0,2504
1120,28,4,4,1170,0,2504
1121,1,5,4,1595,0,2504
1122,2,5,4,1863,0,2504
1123,3,5,4,1985,0,2504
1124,4,5,4,2033,0,2504
1125,5,5,4,2034,0,2504
1126,6,5,4,2034,0,2504
1127,7,5,4,2035,0,2504
1128,8,5,4,2035,0,2504
1129,9,5,4,2035,0,2504
1130,10,5,4,2035,0,2504
1131,11,5,4,2035,0,2504
1132,12,5,4,2035,0,2504
1133,13,5,4,2035,0,2504
1134,14,5,4,2035,0,2504
1135,15,5,4,1939,0,2600
1136,16,5,4,1939,0,2600
1137,17,5,4,1939,0,2600
1138,18,5,4,1939,0,2600
1139,19,5,4,1939,0,2600
1140,20,5,4,1939,0,2600
1141,21,5,4,1939,0,2600
1142,22,5,4,1939,0,2600
1143,23,5,4,1939,0,2600
1144,24,5,4,1939,0,2600
1145,25,5,4,1939,0,2600
1146,26,5,4,1939,0,2600
1147,27,5,4,1939,0,2600
1148,28,5,4,1939,0,2600
1149,1,6,4,1939,0,2600
1150,2,6,4,1939,0,2600
1151,3,6,4,1939,0,2600
1152,4,6,4,1939,0,2600
1153,5,6,4,1939,0,2600
1154,6,6,4,1939,0,2600
1155,7,6,4,1939,0,2600
1156,8,6,4,1939,0,2600
1157,9,6,4,1939,0,2600
1158,10,6,4,1939,0,2600
1159,11,6,4,1939,0,2600
1160,12,6,4,1939,0,2600
1161,13,6,4,1939,0,2600
1162,14,6,4,1939,0,2600
1163,15,6,4,1871,0,2668
1164,16,6,4,1871,0,2668
1165,17,6,4,1871,0,2668
1166,18,6,4,1871,0,2668
1167,19,6,4,1871,0,2668
1168,20,6,4,1871,0,2668
1169,21,6,4,1871,0,2668
1170,22,6,4,1871,0,2668
1171,23,6,4,1871,0,2668
1172,24,6,4,1871,0,2668
1173,25,6,4,1871,0,2668
1174,26,6,4,1871,0,2668
1175,27,6,4,1871,0,2668
1176,28,6,4,1871,0,2668
1177,1,7,4,1871,0,2668
1178,2,7,4,1871,0,2668
1179,3,7,4,1871,0,2668
1180,4,7,4,1871,0,2668
1181,5,7,4,1871,0,2668
1182,6,7,4,1871,0,2668
1183,7,7,4,1871,0,2668
1184,8,7,4,1871,0,2668
1185,9,7,4,1871,0,2668
1186,10,7,4,1871,0,2668
1187,11,7,4,1871,0,2668
1188,12,7,4,1871,0,2668
1189,13,7,4,1871,0,2668
1190,14,7,4,1871,0,2668
1191,15,7,4,1797,0,2742
1192,16,7,4,1797,0,2742
1193,17,7,4,1797,0,2742
1194,18,7,4,1797,0,2742
1195,19,7,4,1797,0,2742
1196,20,7,4,1797,0,2742
1197,21,7,4,1797,0,2742
1198,22,7,4,1797,0,2742
1199,23,7,4,1797,0,2742
1200,24,7,4,1797,0,2742
1201,25,7,4,1797,0,2742
1202,26,7,4,1797,0,2742
1203,27,7,4,1797,0,2742
1204,28,7,4,1797,0,2742
1205,1,8,4,1797,0,2742
1206,2,8,4,1797,0,2742
1207,3,8,4,1797,0,2742
1208,4,8,4,1797,0,2742
1209,5,8,4,1797,0,2742
1210,6,8,4,1797,0,2742
1211,7,8,4,1797,0,2742
1212,8,8,4,1797,0,2742
1213,9,8,4,1797,0,2742
1214,10,8,4,1797,0,2742
1215,11,8,4,1797,0,2742
1216,12,8,4,1797,0,2742
1217,13,8,4,1797,0,2742
1218,14,8,4,1797,0,2742
1219,15,8,4,1720,0,2819
1220,16,8,4,1720,0,2819
1221,17,8,4,1720,0,2819
1222,18,8,4,1720,0,2819
1223,19,8,4,1720,0,2819
1224,20,8,4,1720,0,2819
1225,21,8,4,1720,0,2819
1226,22,8,4,1720,0,2819
1227,23,8,4,1720,0,2819
1228,24,8,4,1720,0,2819
1229,25,8,4,1720,0,2819
1230,26,8,4,1720,0,2819
1231,27,8,4,1720,0,2819
1232,28,8,4,1720,0,2819
1233,1,9,4,1720,0,2819
1234,2,9,4,1720,0,2819
1235,3,9,4,1720,0,2819
1236,4,9,4,1720,0,2819
1237,5,9,4,1720,0,2819
1238,6,9,4,1720,0,2819
1239,7,9,4,1720,0,2819
1240,8,9,4,1720,0,2819
1241,9,9,4,1720,0,2819
1242,10,9,4,1720,0,2819
1243,11,9,4,1720,0,2819
1244,12,9,4,1720,0,2819
1245,13,9,4,1720,0,2819
1246,14,9,4,1720,0,2819
1247,15,9,4,1656,0,2883
1248,16,9,4,1656,0,2883
1249,17,9,4,1656,0,2883
1250,18,9,4,1656,0,2883
1251,19,9,4,1656,0,2883
1252,20,9,4,1656,0,2883
1253,21,9,4,1656,0,2883
1254,22,9,4,1656,0,2883
1255,23,9,4,1656,0,2883
1256,24,9,4,1656,0,2883
1257,25,9,4,1656,0,2883
1258,26,9,4,1656,0,2883
1259,27,9,4,1656,0,2883
1260,28,9,4,1656,0,2883
1261,1,10,4,1656,0,2883
1262,2,10,4,1656,0,2883
1263,3,10,4,1656,0,2883
1264,4,10,4,1656,0,2883
1265,5,10,4,1656,0,2883
1266,6,10,4,1656,0,2883
1267,7,10,4,1656,0,2883
1268,8,10,4,1656,0,2883
1269,9,10,4,1656,0,2883
1270,10,10,4,1656,0,2883
1271,11,10,4,1656,0,2883
1272,12,10,4,1656,0,2883
1273,13,10,4,1656,0,2883
1274,14,10,4,1656,0,2883
1275,15,10,4,1594,0,2945
1276,16,10,4,1594,0,2945
1277,17,10,4,1594,0,2945
1278,18,10,4,1594,0,2945
1279,19,10,4,1594,0,2945
1280,20,10,4,1594,0,2945
1281,21,10,4,1594,0,2945
1282,22,10,4,1594,0,2945
1283,23,10,4,1594,0,2945
1284,24,10,4,1594,0,2945
1285,25,10,4,1594,0,2945
1286,26,10,4,1594,0,2945
1287,27,10,4,1594,0,2945
1288,28,10,4,1594,0,2945
1289,1,11,4,1594,0,2945
1290,2,11,4,1594,0,2945
1291,3,11,4,1594,0,2945
1292,4,11,4,1594,0,2945
1293,5,11,4,1594,0,2945
1294,6,11,4,1594,0,2945
1295,7,11,4,1594,0,2945
1296,8,11,4,1594,0,2945
1297,9,11,4,1594,0,2945
1298,10,11,4,1594,0,2945
1299,11,11,4,1594,0,2945
1300,12,11,4,1594,0,2945
1301,13,11,4,1594,0,2945
1302,14,11,4,1594,0,2945
1303,15,11,4,1547,0,2992
1304,16,11,4,1547,0,2992
1305,17,11,4,1547,0,2992
1306,18,11,4,1547,0,2992
1307,19,11,4,1547,0,2992
1308,20,11,4,1547,0,2992
1309,21,11,4,1547,0,2992
1310,22,11,4,1547,0,2992
1311,23,11,4,1547,0,2992
1312,24,11,4,1547,0,2992
1313,25,11,4,1547,0,2992
1314,26,11,4,1547,0,2992
1315,27,11,4,1547,0,2992
1316,28,11,4,1547,0,2992
1317,1,12,4,1547,0,2992
1318,2,12,4,1547,0,2992
1319,3,12,4,1547,0,2992
1320,4,12,4,1547,0,2992
1321,5,12,4,1547,0,2992
1322,6,12,4,1547,0,2992
1323,7,12,4,1547,0,2992
1324,8,12,4,1547,0,2992
1325,9,12,4,1547,0,2992
1326,10,12,4,1547,0,2992
1327,11,12,4,1547,0,2992
1328,12,12,4,1547,0,2992
1329,13,12,4,1547,0,2992
1330,14,12,4,1547,0,2992
1331,15,12,4,1484,0,3055
1332,16,12,4,1484,0,3055
1333,17,12,4,1484,0,3055
1334,18,12,4,1484,0,3055
1335,19,12,4,1484,0,3055
1336,20,12,4,1484,0,3055
1337,21,12,4,1484,0,3055
1338,22,12,4,1484,0,3055
1339,23,12,4,1484,0,3055
1340,24,12,4,1484,0,3055
1341,25,12,4,1484,0,3055
1342,26,12,4,1484,0,3055
1343,27,12,4,1484,0,3055
1344,28,12,4,1484,0,3055
1345,1,1,5,1484,0,3055
1346,2,1,5,1484,0,3055
1347,3,1,5,1484,0,3055
1348,4,1,5,1484,0,3055
1349,5,1,5,1484,0,3055
1350,6,1,5,1484,0,3055
1351,7,1,5,1484,0,3055
1352,8,1,5,1484,0,3055
1353,9,1,5,1484,0,3055
1354,10,1,5,1484,0,3055
1355,11,1,5,1484,0,3055
1356,12,1,5,1484,0,3055
1357,13,1,5,1484,0,3055
1358,14,1,5,1484,0,3055
1359,15,1,5,1420,0,3119
1360,16,1,5,1420,0,3119
1361,17,1,5,1420,0,3119
1362,18,1,5,1420,0,3119
1363,19,1,5,1420,0,3119
1364,20,1,5,1420,0,3119
1365,21,1,5,1420,0,3119
1366,22,1,5,1420,0,3119
1367,23,1,5,1420,0,3119
1368,24,1,5,1420,0,3119
1369,25,1,5,1420,0,3119
1370,26,1,5,1420,0,3119
1371,27,1,5,1420,0,3119
1372,28,1,5,1420,0,3119
1373,1,2,5,1420,0,3119
1374,2,2,5,1420,0,3119
1375,3,2,5,1420,0,3119
1376,4,2,5,1420,0,3119
1377,5,2,5,1420,0,3119
1378,6,2,5,1420,0,3119
1379,7,2,5,1420,0,3119
1380,8,2,5,1420,0,3119
1381,9,2,5,1420,0,3119
1382,10,2,5,1420,0,3119
1383,11,2,5,1420,0,3119
1384,12,2,5,1420,0,3119
1385,13,2,5,1420,0,3119
1386,14,2,5,1420,0,3119
1387,15,2,5,1347,0,3192
1388,16,2,5,1347,0,3192
1389,17,2,5,1347,0,3192
1390,18,2,5,1347,0,3192
1391,19,2,5,1347,0,3192
1392,20,2,5,1347,0,3192
1393,21,2,5,1347,0,3192
1394,22,2,5,1347,0,3192
1395,23,2,5,1347,0,3192
1396,24,2,5,1347,0,3192
1397,25,2,5,1347,0,3192
1398,26,2,5,1347,0,3192
1399,27,2,5,1347,0,3192
1400,28,2,5,1347,0,3192
1401,1,3,5,1347,0,3192
1402,2,3,5,1347,0,3192
1403,3,3,5,1347,0,3192
1404,4,3,5,1347,0,3192
1405,5,3,5,1347,0,3192
1406,6,3,5,1347,0,3192
1407,7,3,5,1347,0,3192
1408,8,3,5,1347,0,3192
1409,9,3,5,1347,0,3192
1410,10,3,5,1347,0,3192
1411,11,3,5,1347,0,3192
1412,12,3,5,1347,0,3192
1413,13,3,5,1347,0,3192
1414,14,3,5,1347,0,3192
1415,15,3,5,1295,0,3244
1416,16,3,5,1295,0,3244
1417,17,3,5,1295,0,3244
1418,18,3,5,1295,0,3244
1419,19,3,5,1295,0,3244
1420,20,3,5,1295,0,3244
1421,21,3,5,1295,0,3244
1422,22,3,5,1295,0,3244
1423,23,3,5,1295,0,3244
1424,24,3,5,1295,0,3244
1425,25,3,5,1295,0,3244
1426,26,3,5,1295,0,3244
1427,27,3,5,1295,0,3244
1428,28,3,5,1295,0,3244
1429,1,4,5,1295,0,3244
1430,2,4,5,1295,0,3244
1431,3,4,5,1295,0,3244
1432,4,4,5,1295,0,3244
1433,5,4,5,1295,0,3244
1434,6,4,5,1295,0,3244
1435,7,4,5,1295,0,3244
1436,8,4,5,1295,0,3244
1437,9,4,5,1295,0,3244
1438,10,4,5,1295,0,3244
1439,11,4,5,1295,0,3244
1440,12,4,5,1295,0,3244
1441,13,4,5,1295,0,3244
1442,14,4,5,1295,0,3244
1443,15,4,5,1225,0,3314
1444,16,4,5,1225,0,3314
1445,17,4,5,1225,0,3314
1446,18,4,5,1225,0,3314
1447,19,4,5,1225,0,3314
1448,20,4,5,1225,0,3314
1449,21,4,5,1225,0,3314
1450,22,4,5,1225,0,3314
1451,23,4,5,1225,0,3314
1452,24,4,5,1225,0,3314
1453,25,4,5,1225,0,3314
1454,26,4,5,1225,0,3314
1455,27,4,5,1225,0,3314
1456,28,4,5,1225,0,3314
1457,1,5,5,1621,0,3314
1458,2,5,5,1906,0,3314
1459,3,5,5,2044,0,3314
1460,4,5,5,2114,0,3314
1461,5,5,5,2124,0,3314
1462,6,5,5,2129,0,3314
1463,7,5,5,2137,0,3314
1464,8,5,5,2137,0,3314
1465,9,5,5,2137,0,3314
1466,10,5,5,2137,0,3314
1467,11,5,5,2137,0,3314
1468,12,5,5,2137,0,3314
1469,13,5,5,2137,0,3314
1470,14,5,5,2137,0,3314
1471,15,5,5,2039,0,3412
1472,16,5,5,2039,0,3412
1473,17,5,5,2039,0,3412
1474,18,5,5,2039,0,3412
1475,19,5,5,2039,0,3412
1476,20,5,5,2039,0,3412
1477,21,5,5,2039,0,3412
1478,22,5,5,2039,0,3412
1479,23,5,5,2039,0,3412
1480,24,5,5,2039,0,3412
1481,25,5,5,2039,0,3412
1482,26,5,5,2039,0,3412
1483,27,5,5,2039,0,3412
1484,28,5,5,2039,0,3412
1485,1,6,5,2039,0,3412
1486,2,6,5,2039,0,3412
1487,3,6,5,2039,0,3412
1488,4,6,5,2039,0,3412
1489,5,6,5,2039,0,3412
1490,6,6,5,2039,0,3412
1491,7,6,5,2039,0,3412
1492,8,6,5,2039,0,3412
1493,9,6,5,2039,0,3412
1494,10,6,5,2039,0,3412
1495,11,6,5,2039,0,3412
1496,12,6,5,2039,0,3412
1497,13,6,5,2039,0,3412
1498,14,6,5,2039,0,3412
1499,15,6,5,1953,0,3498
1500,16,6,5,1953,0,3498
1501,17,6,5,1953,0,3498
1502,18,6,5,1953,0,3498
1503,19,6,5,1953,0,3498
1504,20,6,5,1953,0,3498
1505,21,6,5,1953,0,3498
1506,22,6,5,1953,0,3498
1507,23,6,5,1953,0,3498
1508,24,6,5,1953,0,3498
1509,25,6,5,1953,0,3498
1510,26,6,5,1953,0,3498
1511,27,6,5,1953,0,3498
1512,28,6,5,1953,0,3498
1513,1,7,5,1953,0,3498
1514,2,7,5,1953,0,3498
1515,3,7,5,1953,0,3498
1516,4,7,5,1953,0,3498
1517,5,7,5,1953,0,3498
1518,6,7,5,1953,0,3498
1519,7,7,5,1953,0,3498
1520,8,7,5,1953,0,3498
1521,9,7,5,1953,0,3498
1522,10,7,5,1953,0,3498
1523,11,7,5,1953,0,3498
1524,12,7,5,1953,0,3498
1525,13,7,5,1953,0,3498
1526,14,7,5,1953,0,3498
1527,15,7,5,1862,0,3589
1528,16,7,5,1862,0,3589
1529,17,7,5,1862,0,3589
1530,18,7,5,1862,0,3589
1531,19,7,5,1862,0,3589
1532,20,7,5,1862,0,3589
1533,21,7,5,1862,0,3589
1534,22,7,5,1862,0,3589
1535,23,7,5,1862,0,3589
1536,24,7,5,1862,0,3589
1537,25,7,5,1862,0,3589
1538,26,7,5,1862,0,3589
1539,27,7,5,1862,0,3589
1540,28,7,5,1862,0,3589
1541,1,8,5,1862,0,3589
1542,2,8,5,1862,0,3589
1543,3,8,5,1862,0,3589
1544,4,8,5,1862,0,3589
1545,5,8,5,1862,0,3589
1546,6,8,5,1862,0,3589
1547,7,8,5,1862,0,3589
1548,8,8,5,1862,0,3589
1549,9,8,5,1862,0,3589
1550,10,8,5,1862,0,3589
1551,11,8,5,1862,0,3589
1552,12,8,5,1862,0,3589
1553,13,8,5,1862,0,3589
1554,14,8,5,1862,0,3589
1555,15,8,5,1786,0,3665
1556,16,8,5,1786,0,3665
1557,17,8,5,1786,0,3665
1558,18,8,5,1786,0,3665
1559,19,8,5,1786,0,3665
1560,20,8,5,1786,0,3665
1561,21,8,5,1786,0,3665
1562,22,8,5,1786,0,3665
1563,23,8,5,1786,0,3665
1564,24,8,5,1786,0,3665
1565,25,8,5,1786,0,3665
1566,26,8,5,1786,0,3665
1567,27,8,5,1786,0,3665
1568,28,8,5,1786,0,3665
1569,1,9,5,1786,0,3665
1570,2,9,5,1786,0,3665
1571,3,9,5,1786,0,3665
1572,4,9,5,1786,0,3665
1573,5,9,5,1786,0,3665
1574,6,9,5,1786,0,3665
1575,7,9,5,1786,0,3665
1576,8,9,5,1786,0,3665
1577,9,9,5,1786,0,3665
1578,10,9,5,1786,0,3665
1579,11,9,5,1786,0,3665
1580,12,9,5,1786,0,3665
1581,13,9,5,1786,0,3665
1582,14,9,5,1786,0,3665
1583,15,9,5,1700,0,3751
1584,16,9,5,1700,0,3751
1585,17,9,5,1700,0,3751
1586,18,9,5,1700,0,3751
1587,19,9,5,1700,0,3751
1588,20,9,5,1700,0,3751
1589,21,9,5,1700,0,3751
1590,22,9,5,1700,0,3751
1591,23,9,5,1700,0,3751
1592,24,9,5,1700,0,3751
1593,25,9,5,1700,0,3751
1594,26,9,5,1700,0,3751
1595,27,9,5,1700,0,3751
1596,28,9,5,1700,0,3751
1597,1,10,5,1700,0,3751
1598,2,10,5,1700,0,3751
1599,3,10,5,1700,0,3751
1600,4,10,5,1700,0,3751
1601,5,10,5,1700,0,3751
1602,6,10,5,1700,0,3751
1603,7,10,5,1700,0,3751
1604,8,10,5,1700,0,3751
1605,9,10,5,1700,0,3751
1606,10,10,5,1700,0,3751
1607,11,10,5,1700,0,3751
1608,12,10,5,1700,0,3751
1609,13,10,5,1700,0,3751
1610,14,10,5,1700,0,3751
1611,15,10,5,1617,0,3834
1612,16,10,5,1617,0,3834
1613,17,10,5,1617,0,3834
1614,18,10,5,1617,0,3834
1615,19,10,5,1617,0,3834
1616,20,10,5,1617,0,3834
1617,21,10,5,1617,0,3834
1618,22,10,5,1617,0,3834
1619,23,10,5,1617,0,3834
1620,24,10,5,1617,0,3834
1621,25,10,5,1617,0,3834
1622,26,10,5,1617,0,3834
1623,27,10,5,1617,0,3834
1624,28,10,5,1617,0,3834
1625,1,11,5,1617,0,3834
1626,2,11,5,1617,0,3834
1627,3,11,5,1617,0,3834
1628,4,11,5,1617,0,3834
1629,5,11,5,1617,0,3834
1630,6,11,5,1617,0,3834
1631,7,11,5,1617,0,3834
1632,8,11,5,1617,0,3834
1633,9,11,5,1617,0,3834
1634,10,11,5,1617,0,3834
1635,11,11,5,1617,0,3834
1636,12,11,5,1617,0,3834
1637,13,11,5,1617,0,3834
1638,14,11,5,1617,0,3834
1639,15,11,5,1544,0,3907
1640,16,11,5,1544,0,3907
1641,17,11,5,1544,0,3907
1642,18,11,5,1544,0,3907
1643,19,11,5,1544,0,3907
1644,20,11,5,1544,0,3907
1645,21,11,5,1544,0,3907
1646,22,11,5,1544,0,3907
1647,23,11,5,1544,0,3907
1648,24,11,5,1544,0,3907
1649,25,11,5,1544,0,3907
1650,26,11,5,1544,0,3907
1651,27,11,5,1544,0,3907
1652,28,11,5,1544,0,3907
1653,1,12,5,1544,0,3907
1654,2,12,5,1544,0,3907
1655,3,12,5,1544,0,3907
1656,4,12,5,1544,0,3907
1657,5,12,5,1544,0,3907
1658,6,12,5,1544,0,3907
1659,7,12,5,1544,0,3907
1660,8,12,5,1544,0,3907
1661,9,12,5,1544,0,3907
1662,10,12,5,1544,0,3907
1663,11,12,5,1544,0,3907
1664,12,12,5,1544,0,3907
1665,13,12,5,1544,0,3907
1666,14,12,5,1544,0,3907
1667,15,12,5,1470,0,3981
1668,16,12,5,1470,0,3981
1669,17,12,5,1470,0,3981
1670,18,12,5,1470,0,3981
1671,19,12,5,1470,0,3981
1672,20,12,5,1470,0,3981
1673,21,12,5,1470,0,3981
1674,22,12,5,1470,0,3981
1675,23,12,5,1470,0,3981
1676,24,12,5,1470,0,3981
1677,25,12,5,1470,0,3981
1678,26,12,5,1470,0,3981
1679,27,12,5,1470,0,3981
1680,28,12,5,1470,0,3981
1681,1,1,6,1470,0,3981
1682,2,1,6,1470,0,3981
1683,3,1,6,1470,0,3981
1684,4,1,6,1470,0,3981
1685,5,1,6,1470,0,3981
1686,6,1,6,1470,0,3981
1687,7,1,6,1470,0,3981
1688,8,1,6,1470,0,3981
1689,9,1,6,1470,0,3981
1690,10,1,6,1470,0,3981
1691,11,1,6,1470,0,3981
1692,12,1,6,1470,0,3981
1693,13,1,6,1470,0,3981
1694,14,1,6,1470,0,3981
1695,15,1,6,1399,0,4052
1696,16,1,6,1399,0,4052
1697,17,1,6,1399,0,4052
1698,18,1,6,1399,0,4052
1699,19,1,6,1399,0,4052
1700,20,1,6,1399,0,4052
1701,21,1,6,1399,0,4052
1702,22,1,6,1399,0,4052
1703,23,1,6,1399,0,4052
1704,24,1,6,1399,0,4052
1705,25,1,6,1399,0,4052
1706,26,1,6,1399,0,4052
1707,27,1,6,1399,0,4052
1708,28,1,6,1399,0,4052
1709,1,2,6,1399,0,4052
1710,2,2,6,1399,0,4052
1711,3,2,6,1399,0,4052
1712,4,2,6,1399,0,4052
1713,5,2,6,1399,0,4052
1714,6,2,6,1399,0,4052
1715,7,2,6,1399,0,4052
1716,8,2,6,1399,0,4052
1717,9,2,6,1399,0,4052
1718,10,2,6,1399,0,4052
1719,11,2,6,1399,0,4052
1720,12,2,6,1399,0,4052
1721,13,2,6,1399,0,4052
1722,14,2,6,1399,0,4052
1723,15,2,6,1333,0,4118
1724,16,2,6,1333,0,4118
1725,17,2,6,1333,0,4118
1726,18,2,6,1333,0,4118
1727,19,2,6,1333,0,4118
1728,20,2,6,1333,0,4118
1729,21,2,6,1333,0,4118
1730,22,2,6,1333,0,4118
1731,23,2,6,1333,0,4118
1732,24,2,6,1333,0,4118
1733,25,2,6,1333,0,4118
1734,26,2,6,1333,0,4118
1735,27,2,6,1333,0,4118
1736,28,2,6,1333,0,4118
1737,1,3,6,1333,0,4118
1738,2,3,6,1333,0,4118
1739,3,3,6,1333,0,4118
1740,4,3,6,1333,0,4118
1741,5,3,6,1333,0,4118
1742,6,3,6,1333,0,4118
1743,7,3,6,1333,0,4118
1744,8,3,6,1333,0,4118
1745,9,3,6,1333,0,4118
1746,10,3,6,1333,0,4118
1747,11,3,6,1333,0,4118
1748,12,3,6,1333,0,4118
1749,13,3,6,1333,0,4118
1750,14,3,6,1333,0,4118
1751,15,3,6,1287,0,4164
1752,16,3,6,1287,0,4164
1753,17,3,6,1287,0,4164
1754,18,3,6,1287,0,4164
1755,19,3,6,1287,0,4164
1756,20,3,6,1287,0,4164
1757,21,3,6,1287,0,4164
1758,22,3,6,1287,0,4164
1759,23,3,6,1287,0,4164
1760,24,3,6,1287,0,4164
1761,25,3,6,1287,0,4164
1762,26,3,6,1287,0,4164
1763,27,3,6,1287,0,4164
1764,28,3,6,1287,0,4164
1765,1,4,6,1287,0,4164
1766,2,4,6,1287,0,4164
1767,3,4,6,1287,0,4164
1768,4,4,6,1287,0,4164
1769,5,4,6,1287,0,4164
1770,6,4,6,1287,0,4164
1771,7,4,6,1287,0,4164
1772,8,4,6,1287,0,4164
1773,9,4,6,1287,0,4164
1774,10,4,6,1287,0,4164
1775,11,4,6,1287,0,4164
1776,12,4,6,1287,0,4164
1777,13,4,6,1287,0,4164
1778,14,4,6,1287,0,4164
1779,15,4,6,1225,0,4226
1780,16,4,6,1225,0,4226
1781,17,4,6,1225,0,4226
1782,18,4,6,1225,0,4226
1783,19,4,6,1225,0,4226
1784,20,4,6,1225,0,4226
1785,21,4,6,1225,0,4226
1786,22,4,6,1225,0,4226
1787,23,4,6,1225,0,4226
1788,24,4,6,1225,0,4226
1789,25,4,6,1225,0,4226
1790,26,4,6,1225,0,4226
1791,27,4,6,1225,0,4226
1792,28,4,6,1225,0,4226
1793,1,5,6,1504,0,4226
1794,2,5,6,1813,0,4226
1795,3,5,6,1986,0,4226
1796,4,5,6,2075,0,4226
1797,5,5,6,2090,0,4226
1798,6,5,6,2100,0,4226
1799,7,5,6,2106,0,4226
1800,8,5,6,2106,0,4226
1801,9,5,6,2106,0,4226
1802,10,5,6,2106,0,4226
1803,11,5,6,2106,0,4226
1804,12,5,6,2106,0,4226
1805,13,5,6,2106,0,4226
1806,14,5,6,2106,0,4226
1807,15,5,6,2024,0,4308
1808,16,5,6,2024,0,4308
1809,17,5,6,2024,0,4308
1810,18,5,6,2024,0,4308
1811,19,5,6,2024,0,4308
1812,20,5,6,2024,0,4308
1813,21,5,6,2024,0,4308
1814,22,5,6,2024,0,4308
1815,23,5,6,2024,0,4308
1816,24,5,6,2024,0,4308
1817,25,5,6,2024,0,4308
1818,26,5,6,2024,0,4308
1819,27,5,6,2024,0,4308
1820,28,5,6,2024,0,4308
1821,1,6,6,2024,0,4308
1822,2,6,6,2024,0,4308
1823,3,6,6,2024,0,4308
1824,4,6,6,2024,0,4308
1825,5,6,6,2024,0,4308
1826,6,6,6,2024,0,4308
1827,7,6,6,2024,0,4308
1828,8,6,6,2024,0,4308
1829,9,6,6,2024,0,4308
1830,10,6,6,2024,0,4308
1831,11,6,6,2024,0,4308
1832,12,6,6,2024,0,4308
1833,13,6,6,2024,0,4308
1834,14,6,6,2024,0,4308
1835,15,6,6,1925,0,4407
1836,16,6,6,1925,0,4407
1837,17,6,6,1925,0,4407
1838,18,6,6,1925,0,4407
1839,19,6,6,1925,0,4407
1840,20,6,6,1925,0,4407
1841,21,6,6,1925,0,4407
1842,22,6,6,1924,1,4407
1843,23,6,6,1924,1,4407
1844,24,6,6,1924,1,4407
1845,25,6,6,1924,1,4407
1846,26,6,6,1924,1,4407
1847,27,6,6,1924,1,4407
1848,28,6,6,1924,1,4407
1849,1,7,6,1924,1,4407
1850,2,7,6,1924,1,4407
1851,3,7,6,1924,1,4407
1852,4,7,6,1924,1,4407
1853,5,7,6,1924,1,4407
1854,6,7,6,1924,1,4407
1855,7,7,6,1924,1,4407
1856,8,7,6,1924,1,4407
1857,9,7,6,1924,1,4407
1858,10,7,6,1924,1,4407
1859,11,7,6,1924,1,4407
1860,12,7,6,1924,1,4407
1861,13,7,6,1924,1,4407
1862,14,7,6,1924,1,4407
1863,15,7,6,1848,1,4483
1864,16,7,6,1848,1,4483
1865,17,7,6,1848,1,4483
1866,18,7,6,1848,1,4483
1867,19,7,6,1848,1,4483
1868,20,7,6,1848,1,4483
1869,21,7,6,1848,1,4483
1870,22,7,6,1848,1,4483
1871,23,7,6,1848,1,4483
1872,24,7,6,1848,1,4483
1873,25,7,6,1848,1,4483
1874,26,7,6,1848,1,4483
1875,27,7,6,1848,1,4483
1876,28,7,6,1848,1,4483
1877,1,8,6,1848,1,4483
1878,2,8,6,1848,1,4483
1879,3,8,6,1848,1,4483
1880,4,8,6,1848,1,4483
1881,5,8,6,1847,2,4483
1882,6,8,6,1847,2,4483
1883,7,8,6,1847,2,4483
1884,8,8,6,1847,2,4483
1885,9,8,6,1846,3,4483
1886,10,8,6,1846,3,4483
1887,11,8,6,1846,3,4483
1888,12,8,6,1846,3,4483
1889,13,8,6,1846,3,4483
1890,14,8,6,1846,3,4483
1891,15,8,6,1752,3,4577
1892,16,8,6,1752,3,4577
1893,17,8,6,1752,3,4577
1894,18,8,6,1752,3,4577
1895,19,8,6,1752,3,4577
1896,20,8,6,1752,3,4577
1897,21,8,6,1752,3,4577
1898,22,8,6,1752,3,4577
1899,23,8,6,1752,3,4577
1900,24,8,6,1752,3,4577
1901,25,8,6,1752,3,4577
1902,26,8,6,1752,3,4577
1903,27,8,6,1752,3,4577
1904,28,8,6,1752,3,4577
1905,1,9,6,1752,3,4577
1906,2,9,6,1752,3,4577
1907,3,9,6,1752,3,4577
1908,4,9,6,1752,3,4577
1909,5,9,6,1752,3,4577
1910,6,9,6,1752,3,4577
1911,7,9,6,1752,3,4577
1912,8,9,6,1752,3,4577
1913,9,9,6,1752,3,4577
1914,10,9,6,1752,3,4577
1915,11,9,6,1752,3,4577
1916,12,9,6,1752,3,4577
1917,13,9,6,1752,3,4577
1918,14,9,6,1752,3,4577
1919,15,9,6,1683,3,4646
1920,16,9,6,1683,3,4646
1921,17,9,6,1683,3,4646
1922,18,9,6,1683,3,4646
1923,19,9,6,1683,3,4646
1924,20,9,6,1683,3,4646
1925,21,9,6,1683,3,4646
1926,22,9,6,1683,3,4646
1927,23,9,6,1683,3,4646
1928,24,9,6,1683,3,4646
1929,25,9,6,1683,3,4646
1930,26,9,6,1683,3,4646
1931,27,9,6,1683,3,4646
1932,28,9,6,1683,3,4646
1933,1,10,6,1683,3,4646
1934,2,10,6,1683,3,4646
1935,3,10,6,1683,3,4646
1936,4,10,6,1683,3,4646
1937,5,10,6,1683,3,4646
1938,6,10,6,1683,3,4646
1939,7,10,6,1683,3,4646
1940,8,10,6,1683,3,4646
1941,9,10,6,1683,3,4646
1942,10,10,6,1683,3,4646
1943,11,10,6,1683,3,4646
1944,12,10,6,1682,4,4646
1945,13,10,6,1682,4,4646
1946,14,10,6,1682,4,4646
1947,15,10,6,1604,4,4724
1948,16,10,6,1604,4,4724
1949,17,10,6,1604,4,4724
1950,18,10,6,1604,4,4724
1951,19,10,6,1604,4,4724
1952,20,10,6,1604,4,4724
1953,21,10,6,1603,5,4724
1954,22,10,6,1603,5,4724
1955,23,10,6,1603,5,4724
1956,24,10,6,1603,5,4724
1957,25,10,6,1603,5,4724
1958,26,10,6,1603,5,4724
1959,27,10,6,1603,5,4724
1960,28,10,6,1603,5,4724
1961,1,11,6,1603,5,4724
1962,2,11,6,1603,5,4724
1963,3,11,6,1603,5,4724
1964,4,11,6,1603,5,4724
1965,5,11,6,1603,5,4724
1966,6,11,6,1603,5,4724
1967,7,11,6,1603,5,4724
1968,8,11,6,1603,5,4724
1969,9,11,6,1603,5,4724
1970,10,11,6,1603,5,4724
1971,11,11,6,1603,5,4724
1972,12,11,6,1603,5,4724
1973,13,11,6,1603,5,4724
1974,14,11,6,1603,5,4724
1975,15,11,6,1546,5,4781
1976,16,11,6,1546,5,4781
1977,17,11,6,1546,5,4781
1978,18,11,6,1545,6,4781
1979,19,11,6,1545,6,4781
1980,20,11,6,1545,6,4781
1981,21,11,6,1545,6,4781
1982,22,11,6,1545,6,4781
1983,23,11,6,1545,6,4781
1984,24,11,6,1545,6,4781
1985,25,11,6,1545,6,4781
1986,26,11,6,1545,6,4781
1987,27,11,6,1545,6,4781
1988,28,11,6,1545,6,4781
1989,1,12,6,1545,6,4781
1990,2,12,6,1545,6,4781
1991,3,12,6,1545,6,4781
1992,4,12,6,1545,6,4781
1993,5,12,6,1545,6,4781
1994,6,12,6,1545,6,4781
1995,7,12,6,1545,6,4781
1996,8,12,6,1545,6,4781
1997,9,12,6,1545,6,4781
1998,10,12,6,1544,7,4781
1999,11,12,6,1544,7,4781
2000,12,12,6,1544,7,4781
2001,13,12,6,1544,7,4781
2002,14,12,6,1544,7,4781
2003,15,12,6,1467,7,4858
2004,16,12,6,1467,7,4858
2005,17,12,6,1467,7,4858
2006,18,12,6,1467,7,4858
2007,19,12,6,1467,7,4858
2008,20,12,6,1467,7,4858
2009,21,12,6,1467,7,4858
2010,22,12,6,1467,7,4858
2011,23,12,6,1467,7,4858
2012,24,12,6,1467,7,4858
2013,25,12,6,1467,7,4858
2014,26,12,6,1467,7,4858
2015,27,12,6,1467,7,4858
2016,28,12,6,1467,7,4858
2017,1,1,7,1467,7,4858
2018,2,1,7,1467,7,4858
2019,3,1,7,1467,7,4858
2020,4,1,7,1466,8,4858
2021,5,1,7,1466,8,4858
2022,6,1,7,1466,8,4858
2023,7,1,7,1466,8,4858
2024,8,1,7,1466,8,4858
2025,9,1,7,1466,8,4858
2026,10,1,7,1466,8,4858
2027,11,1,7,1466,8,4858
2028,12,1,7,1466,8,4858
2029,13,1,7,1465,9,4858
2030,14,1,7,1465,9,4858
2031,15,1,7,1404,9,4919
2032,16,1,7,1404,9,4919
2033,17,1,7,1404,9,4919
2034,18,1,7,1404,9,4919
2035,19,1,7,1404,9,4919
2036,20,1,7,1404,9,4919
2037,21,1,7,1403,10,4919
2038,22,1,7,1403,10,4919
2039,23,1,7,1402,11,4919
2040,24,1,7,1402,11,4919
2041,25,1,7,1402,11,4919
2042,26,1,7,1402,11,4919
2043,27,1,7,1402,11,4919
2044,28,1,7,1402,11,4919
2045,1,2,7,1402,11,4919
2046,2,2,7,1402,11,4919
2047,3,2,7,1402,11,4919
2048,4,2,7,1402,11,4919
2049,5,2,7,1402,11,4919
2050,6,2,7,1402,11,4919
2051,7,2,7,1402,11,4919
2052,8,2,7,1402,11,4919
2053,9,2,7,1402,11,4919
2054,10,2,7,1402,11,4919
2055,11,2,7,1402,11,4919
2056,12,2,7,1402,11,4919
2057,13,2,7,1402,11,4919
2058,14,2,7,1402,11,4919
2059,15,2,7,1330,11,4991
2060,16,2,7,1330,11,4991
2061,17,2,7,1330,11,4991
2062,18,2,7,1330,11,4991
2063,19,2,7,1330,11,4991
2064,20,2,7,1330,11,4991
2065,21,2,7,1330,11,4991
2066,22,2,7,1330,11,4991
2067,23,2,7,1330,11,4991
2068,24,2,7,1330,11,4991
2069,25,2,7,1330,11,4991
2070,26,2,7,1330,11,4991
2071,27,2,7,1330,11,4991
2072,28,2,7,1330,11,4991
2073,1,3,7,1330,11,4991
2074,2,3,7,1329,12,4991
2075,3,3,7,1329,12,4991
2076,4,3,7,1329,12,4991
2077,5,3,7,1329,12,4991
2078,6,3,7,1329,12,4991
2079,7,3,7,1329,12,4991
2080,8,3,7,1329,12,4991
2081,9,3,7,1329,12,4991
2082,10,3,7,1329,12,4991
2083,11,3,7,1329,12,4991
2084,12,3,7,1329,12,4991
2085,13,3,7,1329,12,4991
2086,14,3,7,1329,12,4991
2087,15,3,7,1283,12,5037
2088,16,3,7,1283,12,5037
2089,17,3,7,1283,12,5037
2090,18,3,7,1283,12,5037
2091,19,3,7,1283,12,5037
2092,20,3,7,1283,12,5037
2093,21,3,7,1283,12,5037
2094,22,3,7,1283,12,5037
2095,23,3,7,1283,12,5037
2096,24,3,7,1283,12,5037
2097,25,3,7,1283,12,5037
2098,26,3,7,1283,12,5037
2099,27,3,7,1283,12,5037
2100,28,3,7,1283,12,5037
2101,1,4,7,1283,12,5037
2102,2,4,7,1283,12,5037
2103,3,4,7,1283,12,5037
2104,4,4,7,1282,13,5037
2105,5,4,7,1282,13,5037
2106,6,4,7,1282,13,5037
2107,7,4,7,1282,13,5037
2108,8,4,7,1282,13,5037
2109,9,4,7,1282,13,5037
2110,10,4,7,1282,13,5037
2111,11,4,7,1282,13,5037
2112,12,4,7,1282,13,5037
2113,13,4,7,1282,13,5037
2114,14,4,7,1282,13,5037
2115,15,4,7,1234,13,5085
2116,16,4,7,1234,13,5085
2117,17,4,7,1234,13,5085
2118,18,4,7,1234,13,5085
2119,19,4,7,1234,13,5085
2120,20,4,7,1234,13,5085
2121,21,4,7,1234,13,5085
2122,22,4,7,1233,14,5085
2123,23,4,7,1233,14,5085
2124,24,4,7,1233,14,5085
2125,25,4,7,1233,14,5085
2126,26,4,7,1233,14,5085
2127,27,4,7,1233,14,5085
2128,28,4,7,1233,14,5085
2129,1,5,7,1517,14,5085
2130,2,5,7,1847,14,5085
2131,3,5,7,2045,14,5085
2132,4,5,7,2142,14,5085
2133,5,5,7,2170,14,5085
2134,6,5,7,2193,14,5085
2135,7,5,7,2199,14,5085
2136,8,5,7,2211,14,5085
2137,9,5,7,2211,14,5085
2138,10,5,7,2211,14,5085
2139,11,5,7,2210,15,5085
2140,12,5,7,2210,15,5085
2141,13,5,7,2210,15,5085
2142,14,5,7,2210,15,5085
2143,15,5,7,2107,15,5188
2144,16,5,7,2107,15,5188
2145,17,5,7,2107,15,5188
2146,18,5,7,2107,15,5188
2147,19,5,7,2107,15,5188
2148,20,5,7,2107,15,5188
2149,21,5,7,2107,15,5188
2150,22,5,7,2107,15,5188
2151,23,5,7,2107,15,5188
2152,24,5,7,2107,15,5188
2153,25,5,7,2106,16,5188
2154,26,5,7,2106,16,5188
2155,27,5,7,2106,16,5188
2156,28,5,7,2106,16,5188
2157,1,6,7,2106,16,5188
2158,2,6,7,2106,16,5188
2159,3,6,7,2106,16,5188
2160,4,6,7,2106,16,5188
2161,5,6,7,2106,16,5188
2162,6,6,7,2106,16,5188
2163,7,6,7,2106,16,5188
2164,8,6,7,2106,16,5188
2165,9,6,7,2106,16,5188
2166,10,6,7,2106,16,5188
2167,11,6,7,2106,16,5188
2168,12,6,7,2106,16,5188
2169,13,6,7,2106,16,5188
2170,14,6,7,2106,16,5188
2171,15,6,7,2009,16,5285
2172,16,6,7,2009,16,5285
2173,17,6,7,2009,16,5285
2174,18,6,7,2009,16,5285
2175,19,6,7,2009,16,5285
2176,20,6,7,2009,16,5285
2177,21,6,7,2009,16,5285
2178,22,6,7,2009,16,5285
2179,23,6,7,2009,16,5285
2180,24,6,7,2009,16,5285
2181,25,6,7,2009,16,5285
2182,26,6,7,2009,16,5285
2183,27,6,7,2009,16,5285
2184,28,6,7,2009,16,5285
2185,1,7,7,2009,16,5285
2186,2,7,7,2009,16,5285
2187,3,7,7,2009,16,5285
2188,4,7,7,2009,16,5285
2189,5,7,7,2009,16,5285
2190,6,7,7,2009,16,5285
2191,7,7,7,2009,16,5285
2192,8,7,7,2009,16,5285
2193,9,7,7,2009,16,5285
2194,10,7,7,2008,17,5285
2195,11,7,7,2008,17,5285
2196,12,7,7,2008,17,5285
2197,13,7,7,2008,17,5285
2198,14,7,7,2007,18,5285
2199,15,7,7,1927,18,5365
2200,16,7,7,1927,18,5365
2201,17,7,7,1927,18,5365
2202,18,7,7,1927,18,5365
2203,19,7,7,1927,18,5365
2204,20,7,7,1927,18,5365
2205,21,7,7,1927,18,5365
2206,22,7,7,1927,18,5365
2207,23,7,7,1927,18,5365
2208,24,7,7,1927,18,5365
2209,25,7,7,1927,18,5365
2210,26,7,7,1927,18,5365
2211,27,7,7,1927,18,5365
2212,28,7,7,1927,18,5365
2213,1,8,7,1927,18,5365
2214,2,8,7,1927,18,5365
2215,3,8,7,1927,18,5365
2216,4,8,7,1927,18,5365
2217,5,8,7,1927,18,5365
2218,6,8,7,1927,18,5365
2219,7,8,7,1927,18,5365
2220,8,8,7,1927,18,5365
2221,9,8,7,1927,18,5365
2222,10,8,7,1927,18,5365
2223,11,8,7,1927,18,5365
2224,12,8,7,1927,18,5365
2225,13,8,7,1927,18,5365
2226,14,8,7,1927,18,5365
2227,15,8,7,1841,18,5451
2228,16,8,7,1841,18,5451
2229,17,8,7,1841,18,5451
2230,18,8,7,1841,18,5451
2231,19,8,7,1841,18,5451
2232,20,8,7,1841,18,5451
2233,21,8,7,1840,19,5451
2234,22,8,7,1840,19,5451
2235,23,8,7,1840,19,5451
2236,24,8,7,1840,19,5451
2237,25,8,7,1840,19,5451
2238,26,8,7,1840,19,5451
2239,27,8,7,1840,19,5451
2240,28,8,7,1840,19,5451
2241,1,9,7,1840,19,5451
2242,2,9,7,1840,19,5451
2243,3,9,7,1840,19,5451
2244,4,9,7,1839,20,5451
2245,5,9,7,1839,20,5451
2246,6,9,7,1839,20,5451
2247,7,9,7,1839,20,5451
2248,8,9,7,1839,20,5451
2249,9,9,7,1839,20,5451
2250,10,9,7,1839,20,5451
2251,11,9,7,1839,20,5451
2252,12,9,7,1839,20,5451
2253,13,9,7,1839,20,5451
2254,14,9,7,1839,20,5451
2255,15,9,7,1764,20,5526
2256,16,9,7,1764,20,5526
2257,17,9,7,1764,20,5526
2258,18,9,7,1764,20,5526
2259,19,9,7,1764,20,5526
2260,20,9,7,1764,20,5526
2261,21,9,7,1764,20,5526
2262,22,9,7,1764,20,5526
2263,23,9,7,1764,20,5526
2264,24,9,7,1764,20,5526
2265,25,9,7,1764,20,5526
2266,26,9,7,1764,20,5526
2267,27,9,7,1764,20,5526
2268,28,9,7,1764,20,5526
2269,1,10,7,1764,20,5526
2270,2,10,7,1764,20,5526
2271,3,10,7,1764,20,5526
2272,4,10,7,1764,20,5526
2273,5,10,7,1764,20,5526
2274,6,10,7,1764,20,5526
2275,7,10,7,1764,20,5526
2276,8,10,7,1764,20,5526
2277,9,10,7,1764,20,5526
2278,10,10,7,1764,20,5526
2279,11,10,7,1764,20,5526
2280,12,10,7,1764,20,5526
2281,13,10,7,1764,20,5526
2282,14,10,7,1764,20,5526
2283,15,10,7,1679,20,5611
2284,16,10,7,1679,20,5611
2285,17,10,7,1679,20,5611
2286,18,10,7,1679,20,5611
2287,19,10,7,1679,20,5611
2288,20,10,7,1679,20,5611
2289,21,10,7,1679,20,5611
2290,22,10,7,1679,20,5611
2291,23,10,7,1679,20,5611
2292,24,10,7,1679,20,5611
2293,25,10,7,1679,20,5611
2294,26,10,7,1679,20,5611
2295,27,10,7,1679,20,5611
2296,28,10,7,1679,20,5611
2297,1,11,7,1679,20,5611
2298,2,11,7,1679,20,5611
2299,3,11,7,1679,20,5611
2300,4,11,7,1679,20,5611
2301,5,11,7,1679,20,5611
2302,6,11,7,1679,20,5611
2303,7,11,7,1679,20,5611
2304,8,11,7,1679,20,5611
2305,9,11,7,1679,20,5611
2306,10,11,7,1679,20,5611
2307,11,11,7,1679,20,5611
2308,12,11,7,1679,20,5611
2309,13,11,7,1679,20,5611
2310,14,11,7,1679,20,5611
2311,15,11,7,1594,20,5696
2312,16,11,7,1594,20,5696
2313,17,11,7,1594,20,5696
2314,18,11,7,1594,20,5696
2315,19,11,7,1594,20,5696
2316,20,11,7,1594,20,5696
2317,21,11,7,1594,20,5696
2318,22,11,7,1594,20,5696
2319,23,11,7,1594,20,5696
2320,24,11,7,1594,20,5696
2321,25,11,7,1593,21,5696
2322,26,11,7,1593,21,5696
2323,27,11,7,1593,21,5696
2324,28,11,7,1593,21,5696
2325,1,12,7,1593,21,5696
2326,2,12,7,1593,21,5696
2327,3,12,7,1592,22,5696
2328,4,12,7,1592,22,5696
2329,5,12,7,1592,22,5696
2330,6,12,7,1592,22,5696
2331,7,12,7,1592,22,5696
2332,8,12,7,1592,22,5696
2333,9,12,7,1592,22,5696
2334,10,12,7,1592,22,5696
2335,11,12,7,1592,22,5696
2336,12,12,7,1592,22,5696
2337,13,12,7,1592,22,5696
2338,14,12,7,1592,22,5696
2339,15,12,7,1523,22,5765
2340,16,12,7,1523,22,5765
2341,17,12,7,1523,22,5765
2342,18,12,7,1523,22,5765
2343,19,12,7,1523,22,5765
2344,20,12,7,1523,22,5765
2345,21,12,7,1523,22,5765
2346,22,12,7,1523,22,5765
2347,23,12,7,1523,22,5765
2348,24,12,7,1523,22,5765
2349,25,12,7,1523,22,5765
2350,26,12,7,1523,22,5765
2351,27,12,7,1523,22,5765
2352,28,12,7,1523,22,5765
2353,1,1,8,1523,22,5765
2354,2,1,8,1523,22,5765
2355,3,1,8,1523,22,5765
2356,4,1,8,1523,22,5765
2357,5,1,8,1523,22,5765
2358,6,1,8,1523,22,5765
2359,7,1,8,1523,22,5765
2360,8,1,8,1523,22,5765
2361,9,1,8,1523,22,5765
2362,10,1,8,1523,22,5765
2363,11,1,8,1523,22,5765
2364,12,1,8,1523,22,5765
2365,13,1,8,1523,22,5765
2366,14,1,8,1523,22,5765
2367,15,1,8,1463,22,5825
2368,16,1,8,1463,22,5825
2369,17,1,8,1463,22,5825
2370,18,1,8,1463,22,5825
2371,19,1,8,1463,22,5825
2372,20,1,8,1463,22,5825
2373,21,1,8,1463,22,5825
2374,22,1,8,1463,22,5825
2375,23,1,8,1463,22,5825
2376,24,1,8,1463,22,5825
2377,25,1,8,1463,22,5825
2378,26,1,8,1463,22,5825
2379,27,1,8,1463,22,5825
2380,28,1,8,1463,22,5825
2381,1,2,8,1463,22,5825
2382,2,2,8,1463,22,5825
2383,3,2,8,1463,22,5825
2384,4,2,8,1463,22,5825
2385,5,2,8,1463,22,5825
2386,6,2,8,1463,22,5825
2387,7,2,8,1463,22,5825
2388,8,2,8,1463,22,5825
2389,9,2,8,1463,22,5825
2390,10,2,8,1463,22,5825
2391,11,2,8,1463,22,5825
2392,12,2,8,1463,22,5825
2393,13,2,8,1463,22,5825
2394,14,2,8,1463,22,5825
2395,15,2,8,1400,22,5888
2396,16,2,8,1400,22,5888
2397,17,2,8,1400,22,5888
2398,18,2,8,1400,22,5888
2399,19,2,8,1400,22,5888
2400,20,2,8,1400,22,5888
2401,21,2,8,1400,22,5888
2402,22,2,8,1400,22,5888
2403,23,2,8,1399,23,5888
2404,24,2,8,1399,23,5888
2405,25,2,8,1399,23,5888
2406,26,2,8,1399,23,5888
2407,27,2,8,1399,23,5888
2408,28,2,8,1399,23,5888
2409,1,3,8,1399,23,5888
2410,2,3,8,1399,23,5888
2411,3,3,8,1399,23,5888
2412,4,3,8,1399,23,5888
2413,5,3,8,1399,23,5888
2414,6,3,8,1399,23,5888
2415,7,3,8,1399,23,5888
2416,8,3,8,1399,23,5888
2417,9,3,8,1399,23,5888
2418,10,3,8,1399,23,5888
2419,11,3,8,1399,23,5888
2420,12,3,8,1399,23,5888
2421,13,3,8,1399,23,5888
2422,14,3,8,1399,23,5888
2423,15,3,8,1342,23,5945
2424,16,3,8,1342,23,5945
2425,17,3,8,1342,23,5945
2426,18,3,8,1342,23,5945
2427,19,3,8,1342,23,5945
2428,20,3,8,1342,23,5945
2429,21,3,8,1342,23,5945
2430,22,3,8,1342,23,5945
2431,23,3,8,1342,23,5945
2432,24,3,8,1342,23,5945
2433,25,3,8,1342,23,5945
2434,26,3,8,1342,23,5945
2435,27,3,8,1342,23,5945
2436,28,3,8,1342,23,5945
2437,1,4,8,1342,23,5945
2438,2,4,8,1342,23,5945
2439,3,4,8,1342,23,5945
2440,4,4,8,1342,23,5945
2441,5,4,8,1342,23,5945
2442,6,4,8,1341,24,5945
2443,7,4,8,1341,24,5945
2444,8,4,8,1341,24,5945
2445,9,4,8,1341,24,5945
2446,10,4,8,1341,24,5945
2447,11,4,8,1341,24,5945
2448,12,4,8,1341,24,5945
2449,13,4,8,1341,24,5945
2450,14,4,8,1341,24,5945
2451,15,4,8,1276,24,6010
2452,16,4,8,1276,24,6010
2453,17,4,8,1276,24,6010
2454,18,4,8,1276,24,6010
2455,19,4,8,1276,24,6010
2456,20,4,8,1276,24,6010
2457,21,4,8,1276,24,6010
2458,22,4,8,1276,24,6010
2459,23,4,8,1276,24,6010
2460,24,4,8,1276,24,6010
2461,25,4,8,1276,24,6010
2462,26,4,8,1276,24,6010
2463,27,4,8,1276,24,6010
2464,28,4,8,1276,24,6010
2465,1,5,8,1460,24,6010
2466,2,5,8,1767,24,6010
2467,3,5,8,1977,24,6010
2468,4,5,8,2098,24,6010
2469,5,5,8,2147,24,6010
2470,6,5,8,2176,24,6010
2471,7,5,8,2188,24,6010
2472,8,5,8,2191,24,6010
2473,9,5,8,2195,24,6010
2474,10,5,8,2198,24,6010
2475,11,5,8,2198,24,6010
2476,12,5,8,2198,24,6010
2477,13,5,8,2198,24,6010
2478,14,5,8,2198,24,6010
2479,15,5,8,2115,24,6093
2480,16,5,8,2115,24,6093
2481,17,5,8,2115,24,6093
2482,18,5,8,2115,24,6093
2483,19,5,8,2115,24,6093
2484,20,5,8,2115,24,6093
2485,21,5,8,2115,24,6093
2486,22,5,8,2115,24,6093
2487,23,5,8,2115,24,6093
2488,24,5,8,2115,24,6093
2489,25,5,8,2115,24,6093
2490,26,5,8,2115,24,6093
2491,27,5,8,2115,24,6093
2492,28,5,8,2115,24,6093
2493,1,6,8,2115,24,6093
2494,2,6,8,2115,24,6093
2495,3,6,8,2115,24,6093
2496,4,6,8,2115,24,6093
2497,5,6,8,2115,24,6093
2498,6,6,8,2115,24,6093
2499,7,6,8,2115,24,6093
2500,8,6,8,2115,24,6093
2501,9,6,8,2115,24,6093
2502,10,6,8,2115,24,6093
2503,11,6,8,2115,24,6093
2504,12,6,8,2114,25,6093
2505,13,6,8,2114,25,6093
2506,14,6,8,2114,25,6093
2507,15,6,8,2025,25,6182
2508,16,6,8,2025,25,6182
2509,17,6,8,2025,25,6182
2510,18,6,8,2025,25,6182
2511,19,6,8,2025,25,6182
2512,20,6,8,2025,25,6182
2513,21,6,8,2025,25,6182
2514,22,6,8,2025,25,6182
2515,23,6,8,2025,25,6182
2516,24,6,8,2025,25,6182
2517,25,6,8,2025,25,6182
2518,26,6,8,2025,25,6182
2519,27,6,8,2025,25,6182
2520,28,6,8,2025,25,6182
2521,1,7,8,2025,25,6182
2522,2,7,8,2025,25,6182
2523,3,7,8,2025,25,6182
2524,4,7,8,2025,25,6182
2525,5,7,8,2025,25,6182
2526,6,7,8,2025,25,6182
2527,7,7,8,2025,25,6182
2528,8,7,8,2025,25,6182
2529,9,7,8,2025,25,6182
2530,10,7,8,2025,25,6182
2531,11,7,8,2025,25,6182
2532,12,7,8,2025,25,6182
2533,13,7,8,2025,25,6182
2534,14,7,8,2025,25,6182
2535,15,7,8,1928,25,6279
2536,16,7,8,1928,25,6279
2537,17,7,8,1928,25,6279
2538,18,7,8,1928,25,6279
2539,19,7,8,1928,25,6279
2540,20,7,8,1928,25,6279
2541,21,7,8,1928,25,6279
2542,22,7,8,1928,25,6279
2543,23,7,8,1928,25,6279
2544,24,7,8,1928,25,6279
2545,25,7,8,1928,25,6279
2546,26,7,8,1928,25,6279
2547,27,7,8,1928,25,6279
2548,28,7,8,1928,25,6279
2549,1,8,8,1928,25,6279
2550,2,8,8,1928,25,6279
2551,3,8,8,1928,25,6279
2552,4,8,8,1928,25,6279
2553,5,8,8,1928,25,6279
2554,6,8,8,1928,25,6279
2555,7,8,8,1928,25,6279
2556,8,8,8,1928,25,6279
2557,9,8,8,1928,25,6279
2558,10,8,8,1928,25,6279
2559,11,8,8,1928,25,6279
2560,12,8,8,1928,25,6279
2561,13,8,8,1928,25,6279
2562,14,8,8,1928,25,6279
2563,15,8,8,1848,25,6359
2564,16,8,8,1848,25,6359
2565,17,8,8,1848,25,6359
2566,18,8,8,1848,25,6359
2567,19,8,8,1848,25,6359
2568,20,8,8,1848,25,6359
2569,21,8,8,1848,25,6359
2570,22,8,8,1848,25,6359
2571,23,8,8,1848,25,6359
2572,24,8,8,1848,25,6359
2573,25,8,8,1848,25,6359
2574,26,8,8,1848,25,6359
2575,27,8,8,1848,25,6359
2576,28,8,8,1848,25,6359
2577,1,9,8,1848,25,6359
2578,2,9,8,1848,25,6359
2579,3,9,8,1848,25,6359
2580,4,9,8,1848,25,6359
2581,5,9,8,1848,25,6359
2582,6,9,8,1848,25,6359
2583,7,9,8,1848,25,6359
2584,8,9,8,1848,25,6359
2585,9,9,8,1848,25,6359
2586,10,9,8,1848,25,6359
2587,11,9,8,1848,25,6359
2588,12,9,8,1848,25,6359
2589,13,9,8,1848,25,6359
2590,14,9,8,1848,25,6359
2591,15,9,8,1776,25,6431
2592,16,9,8,1776,25,6431
2593,17,9,8,1776,25,6431
2594,18,9,8,1776,25,6431
2595,19,9,8,1776,25,6431
2596,20,9,8,1776,25,6431
2597,21,9,8,1776,25,6431
2598,22,9,8,1776,25,6431
2599,23,9,8,1776,25,6431
2600,24,9,8,1776,25,6431
2601,25,9,8,1776,25,6431
2602,26,9,8,1776,25,6431
2603,27,9,8,1776,25,6431
2604,28,9,8,1776,25,6431
2605,1,10,8,1776,25,6431
2606,2,10,8,1776,25,6431
2607,3,10,8,1776,25,6431
2608,4,10,8,1776,25,6431
2609,5,10,8,1776,25,6431
2610,6,10,8,1776,25,6431
2611,7,10,8,1776,25,6431
2612,8,10,8,1776,25,6431
2613,9,10,8,1776,25,6431
2614,10,10,8,1776,25,6431
2615,11,10,8,1776,25,6431
2616,12,10,8,1776,25,6431
2617,13,10,8,1776,25,6431
2618,14,10,8,1776,25,6431
2619,15,10,8,1676,25,6531
2620,16,10,8,1676,25,6531
2621,17,10,8,1676,25,6531
2622,18,10,8,1676,25,6531
2623,19,10,8,1676,25,6531
2624,20,10,8,1676,25,6531
2625,21,10,8,1676,25,6531
2626,22,10,8,1676,25,6531
2627,23,10,8,1676,25,6531
2628,24,10,8,1676,25,6531
2629,25,10,8,1675,26,6531
2630,26,10,8,1675,26,6531
2631,27,10,8,1675,26,6531
2632,28,10,8,1675,26,6531
2633,1,11,8,1675,26,6531
2634,2,11,8,1675,26,6531
2635,3,11,8,1675,26,6531
2636,4,11,8,1675,26,6531
2637,5,11,8,1675,26,6531
2638,6,11,8,1675,26,6531
2639,7,11,8,1674,27,6531
2640,8,11,8,1674,27,6531
2641,9,11,8,1674,27,6531
2642,10,11,8,1674,27,6531
2643,11,11,8,1674,27,6531
2644,12,11,8,1674,27,6531
2645,13,11,8,1674,27,6531
2646,14,11,8,1674,27,6531
2647,15,11,8,1610,27,6595
2648,16,11,8,1610,27,6595
2649,17,11,8,1610,27,6595
2650,18,11,8,1610,27,6595
2651,19,11,8,1610,27,6595
2652,20,11,8,1610,27,6595
2653,21,11,8,1610,27,6595
2654,22,11,8,1610,27,6595
2655,23,11,8,1610,27,6595
2656,24,11,8,1610,27,6595
2657,25,11,8,1610,27,6595
2658,26,11,8,1610,27,6595
2659,27,11,8,1610,27,6595
2660,28,11,8,1610,27,6595
2661,1,12,8,1610,27,6595
2662,2,12,8,1610,27,6595
2663,3,12,8,1610,27,6595
2664,4,12,8,1610,27,6595
2665,5,12,8,1610,27,6595
2666,6,12,8,1610,27,6595
2667,7,12,8,1610,27,6595
2668,8,12,8,1610,27,6595
2669,9,12,8,1610,27,6595
2670,10,12,8,1610,27,6595
2671,11,12,8,1610,27,6595
2672,12,12,8,1610,27,6595
2673,13,12,8,1610,27,6595
2674,14,12,8,1610,27,6595
2675,15,12,8,1536,27,6669
2676,16,12,8,1536,27,6669
2677,17,12,8,1536,27,6669
2678,18,12,8,1536,27,6669
2679,19,12,8,1536,27,6669
2680,20,12,8,1536,27,6669
2681,21,12,8,1535,28,6669
2682,22,12,8,1535,28,6669
2683,23,12,8,1535,28,6669
2684,24,12,8,1535,28,6669
2685,25,12,8,1535,28,6669
2686,26,12,8,1535,28,6669
2687,27,12,8,1535,28,6669
2688,28,12,8,1535,28,6669
2689,1,1,9,1535,28,6669
2690,2,1,9,1535,28,6669
2691,3,1,9,1535,28,6669
2692,4,1,9,1535,28,6669
2693,5,1,9,1535,28,6669
2694,6,1,9,1535,28,6669
2695,7,1,9,1535,28,6669
2696,8,1,9,1535,28,6669
2697,9,1,9,1535,28,6669
2698,10,1,9,1535,28,6669
2699,11,1,9,1535,28,6669
2700,12,1,9,1535,28,6669
2701,13,1,9,1535,28,6669
2702,14,1,9,1535,28,6669
2703,15,1,9,1475,28,6729
2704,16,1,9,1475,28,6729
2705,17,1,9,1475,28,6729
2706,18,1,9,1475,28,6729
2707,19,1,9,1475,28,6729
2708,20,1,9,1475,28,6729
2709,21,1,9,1475,28,6729
2710,22,1,9,1475,28,6729
2711,23,1,9,1475,28,6729
2712,24,1,9,1475,28,6729
2713,25,1,9,1475,28,6729
2714,26,1,9,1475,28,6729
2715,27,1,9,1475,28,6729
2716,28,1,9,1475,28,6729
2717,1,2,9,1475,28,6729
2718,2,2,9,1475,28,6729
2719,3,2,9,1475,28,6729
2720,4,2,9,1475,28,6729
2721,5,2,9,1475,28,6729
2722,6,2,9,1475,28,6729
2723,7,2,9,1475,28,6729
2724,8,2,9,1475,28,6729
2725,9,2,9,1475,28,6729
2726,10,2,9,1475,28,6729
2727,11,2,9,1475,28,6729
2728,12,2,9,1475,28,6729
2729,13,2,9,1475,28,6729
2730,14,2,9,1475,28,6729
2731,15,2,9,1407,28,6797
2732,16,2,9,1407,28,6797
2733,17,2,9,1407,28,6797
2734,18,2,9,1407,28,6797
2735,19,2,9,1407,28,6797
2736,20,2,9,1407,28,6797
2737,21,2,9,1407,28,6797
2738,22,2,9,1407,28,6797
2739,23,2,9,1407,28,6797
2740,24,2,9,1407,28,6797
2741,25,2,9,1407,28,6797
2742,26,2,9,1407,28,6797
2743,27,2,9,1407,28,6797
2744,28,2,9,1406,29,6797
2745,1,3,9,1406,29,6797
2746,2,3,9,1406,29,6797
2747,3,3,9,1406,29,6797
2748,4,3,9,1406,29,6797
2749,5,3,9,1406,29,6797
2750,6,3,9,1406,29,6797
2751,7,3,9,1406,29,6797
2752,8,3,9,1406,29,6797
2753,9,3,9,1406,29,6797
2754,10,3,9,1406,29,6797
2755,11,3,9,1406,29,6797
2756,12,3,9,1405,30,6797
2757,13,3,9,1405,30,6797
2758,14,3,9,1405,30,6797
2759,15,3,9,1348,30,6854
2760,16,3,9,1348,30,6854
2761,17,3,9,1348,30,6854
2762,18,3,9,1348,30,6854
2763,19,3,9,1348,30,6854
2764,20,3,9,1348,30,6854
2765,21,3,9,1348,30,6854
2766,22,3,9,1348,30,6854
2767,23,3,9,1348,30,6854
2768,24,3,9,1348,30,6854
2769,25,3,9,1348,30,6854
2770,26,3,9,1348,30,6854
2771,27,3,9,1348,30,6854
2772,28,3,9,1348,30,6854
2773,1,4,9,1348,30,6854
2774,2,4,9,1348,30,6854
2775,3,4,9,1348,30,6854
2776,4,4,9,1348,30,6854
2777,5,4,9,1348,30,6854
2778,6,4,9,1348,30,6854
2779,7,4,9,1348,30,6854
2780,8,4,9,1348,30,6854
2781,9,4,9,1348,30,6854
2782,10,4,9,1348,30,6854
2783,11,4,9,1348,30,6854
2784,12,4,9,1348,30,6854
2785,13,4,9,1348,30,6854
2786,14,4,9,1348,30,6854
2787,15,4,9,1285,30,6917
2788,16,4,9,1285,30,6917
2789,17,4,9,1285,30,6917
2790,18,4,9,1285,30,6917
2791,19,4,9,1285,30,6917
2792,20,4,9,1285,30,6917
2793,21,4,9,1285,30,6917
2794,22,4,9,1285,30,6917
2795,23,4,9,1285,30,6917
2796,24,4,9,1285,30,6917
2797,25,4,9,1285,30,6917
2798,26,4,9,1285,30,6917
2799,27,4,9,1285,30,6917
2800,28,4,9,1285,30,6917
2801,1,5,9,1456,30,6917
2802,2,5,9,1713,30,6917
2803,3,5,9,1959,30,6917
2804,4,5,9,2110,30,6917
2805,5,5,9,2177,30,6917
2806,6,5,9,2213,30,6917
2807,7,5,9,2225,30,6917
2808,8,5,9,2232,30,6917
2809,9,5,9,2238,30,6917
2810,10,5,9,2238,30,6917
2811,11,5,9,2242,30,6917
2812,12,5,9,2242,30,6917
2813,13,5,9,2242,30,6917
2814,14,5,9,2242,30,6917
2815,15,5,9,2148,30,7011
2816,16,5,9,2148,30,7011
2817,17,5,9,2148,30,7011
2818,18,5,9,2148,30,7011
2819,19,5,9,2148,30,7011
2820,20,5,9,2148,30,7011
2821,21,5,9,2148,30,7011
2822,22,5,9,2148,30,7011
2823,23,5,9,2148,30,7011
2824,24,5,9,2148,30,7011
2825,25,5,9,2148,30,7011
2826,26,5,9,2148,30,7011
2827,27,5,9,2148,30,7011
2828,28,5,9,2148,30,7011
2829,1,6,9,2148,30,7011
2830,2,6,9,2147,31,7011
2831,3,6,9,2147,31,7011
2832,4,6,9,2147,31,7011
2833,5,6,9,2147,31,7011
2834,6,6,9,2147,31,7011
2835,7,6,9,2147,31,7011
2836,8,6,9,2147,31,7011
2837,9,6,9,2147,31,7011
2838,10,6,9,2147,31,7011
2839,11,6,9,2147,31,7011
2840,12,6,9,2147,31,7011
2841,13,6,9,2147,31,7011
2842,14,6,9,2147,31,7011
2843,15,6,9,2056,31,7102
2844,16,6,9,2056,31,7102
2845,17,6,9,2056,31,7102
2846,18,6,9,2056,31,7102
2847,19,6,9,2056,31,7102
2848,20,6,9,2056,31,7102
2849,21,6,9,2056,31,7102
2850,22,6,9,2056,31,7102
2851,23,6,9,2056,31,7102
2852,24,6,9,2056,31,7102
2853,25,6,9,2056,31,7102
2854,26,6,9,2056,31,7102
2855,27,6,9,2056,31,7102
2856,28,6,9,2056,31,7102
2857,1,7,9,2056,31,7102
2858,2,7,9,2056,31,7102
2859,3,7,9,2056,31,7102
2860,4,7,9,2056,31,7102
2861,5,7,9,2056,31,7102
2862,6,7,9,2056,31,7102
2863,7,7,9,2056,31,7102
2864,8,7,9,2056,31,7102
2865,9,7,9,2056,31,7102
2866,10,7,9,2056,31,7102
2867,11,7,9,2056,31,7102
2868,12,7,9,2056,31,7102
2869,13,7,9,2055,32,7102
2870,14,7,9,2055,32,7102
2871,15,7,9,1972,32,7185
2872,16,7,9,1972,32,7185
2873,17,7,9,1972,32,7185
2874,18,7,9,1972,32,7185
2875,19,7,9,1972,32,7185
2876,20,7,9,1972,32,7185
2877,21,7,9,1972,32,7185
2878,22,7,9,1972,32,7185
2879,23,7,9,1972,32,7185
2880,24,7,9,1972,32,7185
2881,25,7,9,1972,32,7185
2882,26,7,9,1972,32,7185
2883,27,7,9,1972,32,7185
2884,28,7,9,1972,32,7185
2885,1,8,9,1972,32,7185
2886,2,8,9,1972,32,7185
2887,3,8,9,1972,32,7185
2888,4,8,9,1972,32,7185
2889,5,8,9,1972,32,7185
2890,6,8,9,1972,32,7185
2891,7,8,9,1972,32,7185
2892,8,8,9,1972,32,7185
2893,9,8,9,1972,32,7185
2894,10,8,9,1972,32,7185
2895,11,8,9,1972,32,7185
2896,12,8,9,1972,32,7185
2897,13,8,9,1972,32,7185
2898,14,8,9,1972,32,7185
2899,15,8,9,1882,32,7275
2900,16,8,9,1882,32,7275
2901,17,8,9,1882,32,7275
2902,18,8,9,1882,32,7275
2903,19,8,9,1882,32,7275
2904,20,8,9,1882,32,7275
2905,21,8,9,1882,32,7275
2906,22,8,9,1882,32,7275
2907,23,8,9,1882,32,7275
2908,24,8,9,1882,32,7275
2909,25,8,9,1882,32,7275
2910,26,8,9,1882,32,7275
2911,27,8,9,1882,32,7275
2912,28,8,9,1882,32,7275
2913,1,9,9,1882,32,7275
2914,2,9,9,1882,32,7275
2915,3,9,9,1882,32,7275
2916,4,9,9,1882,32,7275
2917,5,9,9,1882,32,7275
2918,6,9,9,1882,32,7275
2919,7,9,9,1882,32,7275
2920,8,9,9,1882,32,7275
2921,9,9,9,1882,32,7275
2922,10,9,9,1882,32,7275
2923,11,9,9,1882,32,7275
2924,12,9,9,1882,32,7275
2925,13,9,9,1882,32,7275
2926,14,9,9,1882,32,7275
2927,15,9,9,1808,32,7349
2928,16,9,9,1808,32,7349
2929,17,9,9,1808,32,7349
2930,18,9,9,1808,32,7349
2931,19,9,9,1808,32,7349
2932,20,9,9,1808,32,7349
2933,21,9,9,1808,32,7349
2934,22,9,9,1808,32,7349
2935,23,9,9,1808,32,7349
2936,24,9,9,1808,32,7349
2937,25,9,9,1808,32,7349
2938,26,9,9,1808,32,7349
2939,27,9,9,1808,32,7349
2940,28,9,9,1808,32,7349
2941,1,10,9,1808,32,7349
2942,2,10,9,1808,32,7349
2943,3,10,9,1808,32,7349
2944,4,10,9,1808,32,7349
2945,5,10,9,1808,32,7349
2946,6,10,9,1808,32,7349
2947,7,10,9,1808,32,7349
2948,8,10,9,1808,32,7349
2949,9,10,9,1808,32,7349
2950,10,10,9,1808,32,7349
2951,11,10,9,1808,32,7349
2952,12,10,9,1808,32,7349
2953,13,10,9,1808,32,7349
2954,14,10,9,1808,32,7349
2955,15,10,9,1725,32,7432
2956,16,10,9,1725,32,7432
2957,17,10,9,1725,32,7432
2958,18,10,9,1725,32,7432
2959,19,10,9,1725,32,7432
2960,20,10,9,1725,32,7432
2961,21,10,9,1724,33,7432
2962,22,10,9,1724,33,7432
2963,23,10,9,1724,33,7432
2964,24,10,9,1724,33,7432
2965,25,10,9,1724,33,7432
2966,26,10,9,1724,33,7432
2967,27,10,9,1724,33,7432
2968,28,10,9,1724,33,7432
2969,1,11,9,1724,33,7432
2970,2,11,9,1723,34,7432
2971,3,11,9,1723,34,7432
2972,4,11,9,1723,34,7432
2973,5,11,9,1723,34,7432
2974,6,11,9,1723,34,7432
2975,7,11,9,1723,34,7432
2976,8,11,9,1723,34,7432
2977,9,11,9,1723,34,7432
2978,10,11,9,1723,34,7432
2979,11,11,9,1723,34,7432
2980,12,11,9,1723,34,7432
2981,13,11,9,1723,34,7432
2982,14,11,9,1723,34,7432
2983,15,11,9,1649,34,7506
2984,16,11,9,1649,34,7506
2985,17,11,9,1649,34,7506
2986,18,11,9,1649,34,7506
2987,19,11,9,1648,35,7506
2988,20,11,9,1648,35,7506
2989,21,11,9,1648,35,7506
2990,22,11,9,1648,35,7506
2991,23,11,9,1648,35,7506
2992,24,11,9,1648,35,7506
2993,25,11,9,1648,35,7506
2994,26,11,9,1648,35,7506
2995,27,11,9,1648,35,7506
2996,28,11,9,1648,35,7506
2997,1,12,9,1648,35,7506
2998,2,12,9,1648,35,7506
2999,3,12,9,1648,35,7506
3000,4,12,9,1648,35,7506
3001,5,12,9,1648,35,7506
3002,6,12,9,1648,35,7506
3003,7,12,9,1648,35,7506
3004,8,12,9,1648,35,7506
3005,9,12,9,1648,35,7506
3006,10,12,9,1648,35,7506
3007,11,12,9,1648,35,7506
3008,12,12,9,1648,35,7506
3009,13,12,9,1648,35,7506
3010,14,12,9,1648,35,7506
3011,15,12,9,1582,35,7572
3012,16,12,9,1582,35,7572
3013,17,12,9,1582,35,7572
3014,18,12,9,1582,35,7572
3015,19,12,9,1581,36,7572
3016,20,12,9,1581,36,7572
3017,21,12,9,1580,37,7572
3018,22,12,9,1580,37,7572
3019,23,12,9,1580,37,7572
3020,24,12,9,1580,37,7572
3021,25,12,9,1580,37,7572
3022,26,12,9,1580,37,7572
3023,27,12,9,1580,37,7572
3024,28,12,9,1580,37,7572
3025,1,1,10,1580,37,7572
3026,2,1,10,1580,37,7572
3027,3,1,10,1580,37,7572
3028,4,1,10,1580,37,7572
3029,5,1,10,1580,37,7572
3030,6,1,10,1580,37,7572
3031,7,1,10,1580,37,7572
3032,8,1,10,1580,37,7572
3033,9,1,10,1580,37,7572
3034,10,1,10,1580,37,7572
3035,11,1,10,1580,37,7572
3036,12,1,10,1580,37,7572
3037,13,1,10,1580,37,7572
3038,14,1,10,1580,37,7572
3039,15,1,10,1509,37,7643
3040,16,1,10,1509,37,7643
3041,17,1,10,1509,37,7643
3042,18,1,10,1509,37,7643
3043,19,1,10,1509,37,7643
3044,20,1,10,1509,37,7643
3045,21,1,10,1509,37,7643
3046,22,1,10,1509,37,7643
3047,23,1,10,1509,37,7643
3048,24,1,10,1509,37,7643
3049,25,1,10,1509,37,7643
3050,26,1,10,1509,37,7643
3051,27,1,10,1509,37,7643
3052,28,1,10,1509,37,7643
3053,1,2,10,1509,37,7643
3054,2,2,10,1509,37,7643
3055,3,2,10,1509,37,7643
3056,4,2,10,1509,37,7643
3057,5,2,10,1509,37,7643
3058,6,2,10,1509,37,7643
3059,7,2,10,1509,37,7643
3060,8,2,10,1509,37,7643
3061,9,2,10,1509,37,7643
3062,10,2,10,1509,37,7643
3063,11,2,10,1509,37,7643
3064,12,2,10,1509,37,7643
3065,13,2,10,1509,37,7643
3066,14,2,10,1509,37,7643
3067,15,2,10,1449,37,7703
3068,16,2,10,1449,37,7703
3069,17,2,10,1449,37,7703
3070,18,2,10,1449,37,7703
3071,19,2,10,1449,37,7703
3072,20,2,10,1449,37,7703
3073,21,2,10,1449,37,7703
3074,22,2,10,1449,37,7703
3075,23,2,10,1449,37,7703
3076,24,2,10,1449,37,7703
3077,25,2,10,1449,37,7703
3078,26,2,10,1449,37,7703
3079,27,2,10,1449,37,7703
3080,28,2,10,1449,37,7703
3081,1,3,10,1449,37,7703
3082,2,3,10,1449,37,7703
3083,3,3,10,1449,37,7703
3084,4,3,10,1449,37,7703
3085,5,3,10,1449,37,7703
3086,6,3,10,1449,37,7703
3087,7,3,10,1449,37,7703
3088,8,3,10,1449,37,7703
3089,9,3,10,1449,37,7703
3090,10,3,10,1449,37,7703
3091,11,3,10,1449,37,7703
3092,12,3,10,1449,37,7703
3093,13,3,10,1449,37,7703
3094,14,3,10,1449,37,7703
3095,15,3,10,1372,37,7780
3096,16,3,10,1372,37,7780
3097,17,3,10,1372,37,7780
3098,18,3,10,1372,37,7780
3099,19,3,10,1372,37,7780
3100,20,3,10,1371,38,7780
3101,21,3,10,1371,38,7780
3102,22,3,10,1371,38,7780
3103,23,3,10,1371,38,7780
3104,24,3,10,1371,38,7780
3105,25,3,10,1371,38,7780
3106,26,3,10,1371,38,7780
3107,27,3,10,1371,38,7780
3108,28,3,10,1371,38,7780
3109,1,4,10,1371,38,7780
3110,2,4,10,1371,38,7780
3111,3,4,10,1371,38,7780
3112,4,4,10,1371,38,7780
3113,5,4,10,1371,38,7780
3114,6,4,10,1371,38,7780
3115,7,4,10,1371,38,7780
3116,8,4,10,1371,38,7780
3117,9,4,10,1371,38,7780
3118,10,4,10,1371,38,7780
3119,11,4,10,1371,38,7780
3120,12,4,10,1371,38,7780
3121,13,4,10,1371,38,7780
3122,14,4,10,1371,38,7780
3123,15,4,10,1322,38,7829
3124,16,4,10,1322,38,7829
3125,17,4,10,1322,38,7829
3126,18,4,10,1322,38,7829
3127,19,4,10,1322,38,7829
3128,20,4,10,1322,38,7829
3129,21,4,10,1322,38,7829
3130,22,4,10,1322,38,7829
3131,23,4,10,1322,38,7829
3132,24,4,10,1322,38,7829
3133,25,4,10,1322,38,7829
3134,26,4,10,1322,38,7829
3135,27,4,10,1322,38,7829
3136,28,4,10,1322,38,7829
3137,1,5,10,1456,38,7829
3138,2,5,10,1710,38,7829
3139,3,5,10,1986,38,7829
3140,4,5,10,2165,38,7829
3141,5,5,10,2257,38,7829
3142,6,5,10,2300,38,7829
3143,7,5,10,2314,38,7829
3144,8,5,10,2315,38,7829
3145,9,5,10,2316,38,7829
3146,10,5,10,2316,38,7829
3147,11,5,10,2320,38,7829
3148,12,5,10,2320,38,7829
3149,13,5,10,2320,38,7829
3150,14,5,10,2320,38,7829
3151,15,5,10,2207,38,7942
3152,16,5,10,2207,38,7942
3153,17,5,10,2207,38,7942
3154,18,5,10,2207,38,7942
3155,19,5,10,2207,38,7942
3156,20,5,10,2207,38,7942
3157,21,5,10,2207,38,7942
3158,22,5,10,2207,38,7942
3159,23,5,10,2207,38,7942
3160,24,5,10,2207,38,7942
3161,25,5,10,2207,38,7942
3162,26,5,10,2207,38,7942
3163,27,5,10,2207,38,7942
3164,28,5,10,2207,38,7942
3165,1,6,10,2207,38,7942
3166,2,6,10,2207,38,7942
3167,3,6,10,2207,38,7942
3168,4,6,10,2207,38,7942
3169,5,6,10,2207,38,7942
3170,6,6,10,2207,38,7942
3171,7,6,10,2207,38,7942
3172,8,6,10,2207,38,7942
3173,9,6,10,2207,38,7942
3174,10,6,10,2207,38,7942
3175,11,6,10,2207,38,7942
3176,12,6,10,2207,38,7942
3177,13,6,10,2207,38,7942
3178,14,6,10,2207,38,7942
3179,15,6,10,2119,38,8030
3180,16,6,10,2119,38,8030
3181,17,6,10,2119,38,8030
3182,18,6,10,2119,38,8030
3183,19,6,10,2119,38,8030
3184,20,6,10,2119,38,8030
3185,21,6,10,2119,38,8030
3186,22,6,10,2119,38,8030
3187,23,6,10,2119,38,8030
3188,24,6,10,2119,38,8030
3189,25,6,10,2119,38,8030
3190,26,6,10,2119,38,8030
3191,27,6,10,2119,38,8030
3192,28,6,10,2119,38,8030
3193,1,7,10,2119,38,8030
3194,2,7,10,2119,38,8030
3195,3,7,10,2118,39,8030
3196,4,7,10,2118,39,8030
3197,5,7,10,2118,39,8030
3198,6,7,10,2118,39,8030
3199,7,7,10,2118,39,8030
3200,8,7,10,2118,39,8030
3201,9,7,10,2118,39,8030
3202,10,7,10,2118,39,8030
3203,11,7,10,2118,39,8030
3204,12,7,10,2118,39,8030
3205,13,7,10,2118,39,8030
3206,14,7,10,2118,39,8030
3207,15,7,10,2007,39,8141
3208,16,7,10,2007,39,8141
3209,17,7,10,2007,39,8141
3210,18,7,10,2007,39,8141
3211,19,7,10,2007,39,8141
3212,20,7,10,2007,39,8141
3213,21,7,10,2007,39,8141
3214,22,7,10,2007,39,8141
3215,23,7,10,2007,39,8141
3216,24,7,10,2007,39,8141
3217,25,7,10,2007,39,8141
3218,26,7,10,2007,39,8141
3219,27,7,10,2007,39,8141
3220,28,7,10,2007,39,8141
3221,1,8,10,2007,39,8141
3222,2,8,10,2007,39,8141
3223,3,8,10,2007,39,8141
3224,4,8,10,2007,39,8141
3225,5,8,10,2007,39,8141
3226,6,8,10,2007,39,8141
3227,7,8,10,2007,39,8141
3228,8,8,10,2007,39,8141
3229,9,8,10,2007,39,8141
3230,10,8,10,2007,39,8141
3231,11,8,10,2007,39,8141
3232,12,8,10,2007,39,8141
3233,13,8,10,2007,39,8141
3234,14,8,10,2007,39,8141
3235,15,8,10,1920,39,8228
3236,16,8,10,1920,39,8228
3237,17,8,10,1920,39,8228
3238,18,8,10,1920,39,8228
3239,19,8,10,1920,39,8228
3240,20,8,10,1920,39,8228
3241,21,8,10,1920,39,8228
3242,22,8,10,1920,39,8228
3243,23,8,10,1920,39,8228
3244,24,8,10,1920,39,8228
3245,25,8,10,1920,39,8228
3246,26,8,10,1920,39,8228
3247,27,8,10,1920,39,8228
3248,28,8,10,1920,39,8228
3249,1,9,10,1920,39,8228
3250,2,9,10,1920,39,8228
3251,3,9,10,1920,39,8228
3252,4,9,10,1920,39,8228
3253,5,9,10,1920,39,8228
3254,6,9,10,1920,39,8228
3255,7,9,10,1920,39,8228
3256,8,9,10,1920,39,8228
3257,9,9,10,1920,39,8228
3258,10,9,10,1920,39,8228
3259,11,9,10,1920,39,8228
3260,12,9,10,1920,39,8228
3261,13,9,10,1920,39,8228
3262,14,9,10,1920,39,8228
3263,15,9,10,1836,39,8312
3264,16,9,10,1836,39,8312
3265,17,9,10,1836,39,8312
3266,18,9,10,1836,39,8312
3267,19,9,10,1836,39,8312
3268,20,9,10,1836,39,8312
3269,21,9,10,1836,39,8312
3270,22,9,10,1836,39,8312
3271,23,9,10,1836,39,8312
3272,24,9,10,1836,39,8312
3273,25,9,10,1836,39,8312
3274,26,9,10,1836,39,8312
3275,27,9,10,1836,39,8312
3276,28,9,10,1836,39,8312
3277,1,10,10,1836,39,8312
3278,2,10,10,1836,39,8312
3279,3,10,10,1836,39,8312
3280,4,10,10,1836,39,8312
3281,5,10,10,1836,39,8312
3282,6,10,10,1836,39,8312
3283,7,10,10,1836,39,8312
3284,8,10,10,1836,39,8312
3285,9,10,10,1836,39,8312
3286,10,10,10,1836,39,8312
3287,11,10,10,1836,39,8312
3288,12,10,10,1836,39,8312
3289,13,10,10,1836,39,8312
3290,14,10,10,1836,39,8312
3291,15,10,10,1741,39,8407
3292,16,10,10,1741,39,8407
3293,17,10,10,1741,39,8407
3294,18,10,10,1741,39,8407
3295,19,10,10,1741,39,8407
3296,20,10,10,1741,39,8407
3297,21,10,10,1741,39,8407
3298,22,10,10,1741,39,8407
3299,23,10,10,1741,39,8407
3300,24,10,10,1741,39,8407
3301,25,10,10,1741,39,8407
3302,26,10,10,1741,39,8407
3303,27,10,10,1741,39,8407
3304,28,10,10,1741,39,8407
3305,1,11,10,1741,39,8407
3306,2,11,10,1741,39,8407
3307,3,11,10,1741,39,8407
3308,4,11,10,1741,39,8407
3309,5,11,10,1741,39,8407
3310,6,11,10,1741,39,8407
3311,7,11,10,1741,39,8407
3312,8,11,10,1741,39,8407
3313,9,11,10,1741,39,8407
3314,10,11,10,1741,39,8407
3315,11,11,10,1741,39,8407
3316,12,11,10,1740,40,8407
3317,13,11,10,1740,40,8407
3318,14,11,10,1740,40,8407
3319,15,11,10,1669,40,8478
3320,16,11,10,1669,40,8478
3321,17,11,10,1669,40,8478
3322,18,11,10,1669,40,8478
3323,19,11,10,1669,40,8478
3324,20,11,10,1669,40,8478
3325,21,11,10,1669,40,8478
3326,22,11,10,1669,40,8478
3327,23,11,10,1669,40,8478
3328,24,11,10,1669,40,8478
3329,25,11,10,1669,40,8478
3330,26,11,10,1669,40,8478
3331,27,11,10,1669,40,8478
3332,28,11,10,1669,40,8478
3333,1,12,10,1669,40,8478
3334,2,12,10,1669,40,8478
3335,3,12,10,1669,40,8478
3336,4,12,10,1669,40,8478
3337,5,12,10,1669,40,8478
3338,6,12,10,1669,40,8478
3339,7,12,10,1669,40,8478
3340,8,12,10,1669,40,8478
3341,9,12,10,1669,40,8478
3342,10,12,10,1669,40,8478
3343,11,12,10,1669,40,8478
3344,12,12,10,1669,40,8478
3345,13,12,10,1669,40,8478
3346,14,12,10,1669,40,8478
3347,15,12,10,1587,40,8560
3348,16,12,10,1587,40,8560
3349,17,12,10,1587,40,8560
3350,18,12,10,1587,40,8560
3351,19,12,10,1587,40,8560
3352,20,12,10,1587,40,8560
3353,21,12,10,1587,40,8560
3354,22,12,10,1587,40,8560
3355,23,12,10,1587,40,8560
3356,24,12,10,1587,40,8560
3357,25,12,10,1587,40,8560
3358,26,12,10,1587,40,8560
3359,27,12,10,1587,40,8560
3360,28,12,10,1587,40,8560
3361,1,1,11,1587,40,8560
3362,2,1,11,1587,40,8560
3363,3,1,11,1587,40,8560
3364,4,1,11,1587,40,8560
3365,5,1,11,1587,40,8560
3366,6,1,11,1587,40,8560
3367,7,1,11,1587,40,8560
3368,8,1,11,1587,40,8560
3369,9,1,11,1587,40,8560
3370,10,1,11,1587,40,8560
3371,11,1,11,1587,40,8560
3372,12,1,11,1587,40,8560
3373,13,1,11,1587,40,8560
3374,14,1,11,1587,40,8560
3375,15,1,11,1505,40,8642
3376,16,1,11,1505,40,8642
3377,17,1,11,1505,40,8642
3378,18,1,11,1505,40,8642
3379,19,1,11,1505,40,8642
3380,20,1,11,1505,40,8642
3381,21,1,11,1505,40,8642
3382,22,1,11,1505,40,8642
3383,23,1,11,1505,40,8642
3384,24,1,11,1505,40,8642
3385,25,1,11,1505,40,8642
3386,26,1,11,1505,40,8642
3387,27,1,11,1505,40,8642
3388,28,1,11,1505,40,8642
3389,1,2,11,1505,40,8642
3390,2,2,11,1505,40,8642
3391,3,2,11,1505,40,8642
3392,4,2,11,1505,40,8642
3393,5,2,11,1505,40,8642
3394,6,2,11,1505,40,8642
3395,7,2,11,1505,40,8642
3396,8,2,11,1505,40,8642
3397,9,2,11,1505,40,8642
3398,10,2,11,1505,40,8642
3399,11,2,11,1505,40,8642
3400,12,2,11,1505,40,8642
3401,13,2,11,1505,40,8642
3402,14,2,11,1505,40,8642
3403,15,2,11,1427,40,8720
3404,16,2,11,1427,40,8720
3405,17,2,11,1427,40,8720
3406,18,2,11,1427,40,8720
3407,19,2,11,1427,40,8720
3408,20,2,11,1427,40,8720
3409,21,2,11,1427,40,8720
3410,22,2,11,1427,40,8720
3411,23,2,11,1427,40,8720
3412,24,2,11,1427,40,8720
3413,25,2,11,1427,40,8720
3414,26,2,11,1427,40,8720
3415,27,2,11,1427,40,8720
3416,28,2,11,1427,40,8720
3417,1,3,11,1427,40,8720
3418,2,3,11,1427,40,8720
3419,3,3,11,1427,40,8720
3420,4,3,11,1427,40,8720
3421,5,3,11,1427,40,8720
3422,6,3,11,1427,40,8720
3423,7,3,11,1427,40,8720
3424,8,3,11,1427,40,8720
3425,9,3,11,1427,40,8720
3426,10,3,11,1427,40,8720
3427,11,3,11,1427,40,8720
3428,12,3,11,1427,40,8720
3429,13,3,11,1427,40,8720
3430,14,3,11,1427,40,8720
3431,15,3,11,1384,40,8763
3432,16,3,11,1384,40,8763
3433,17,3,11,1384,40,8763
3434,18,3,11,1384,40,8763
3435,19,3,11,1384,40,8763
3436,20,3,11,1384,40,8763
3437,21,3,11,1384,40,8763
3438,22,3,11,1384,40,8763
3439,23,3,11,1384,40,8763
3440,24,3,11,1384,40,8763
3441,25,3,11,1384,40,8763
3442,26,3,11,1384,40,8763
3443,27,3,11,1384,40,8763
3444,28,3,11,1384,40,8763
3445,1,4,11,1384,40,8763
3446,2,4,11,1384,40,8763
3447,3,4,11,1384,40,8763
3448,4,4,11,1384,40,8763
3449,5,4,11,1384,40,8763
3450,6,4,11,1384,40,8763
3451,7,4,11,1384,40,8763
3452,8,4,11,1384,40,8763
3453,9,4,11,1384,40,8763
3454,10,4,11,1384,40,8763
3455,11,4,11,1384,40,8763
3456,12,4,11,1384,40,8763
3457,13,4,11,1384,40,8763
3458,14,4,11,1384,40,8763
3459,15,4,11,1318,40,8829
3460,16,4,11,1318,40,8829
3461,17,4,11,1318,40,8829
3462,18,4,11,1318,40,8829
3463,19,4,11,1318,40,8829
3464,20,4,11,1318,40,8829
3465,21,4,11,1318,40,8829
3466,22,4,11,1318,40,8829
3467,23,4,11,1318,40,8829
3468,24,4,11,1318,40,8829
3469,25,4,11,1318,40,8829
3470,26,4,11,1318,40,8829
3471,27,4,11,1318,40,8829
3472,28,4,11,1318,40,8829
3473,1,5,11,1459,40,8829
3474,2,5,11,1716,40,8829
3475,3,5,11,1992,40,8829
3476,4,5,11,2188,40,8829
3477,5,5,11,2301,40,8829
3478,6,5,11,2371,40,8829
3479,7,5,11,2390,40,8829
3480,8,5,11,2402,40,8829
3481,9,5,11,2402,40,8829
3482,10,5,11,2402,40,8829
3483,11,5,11,2403,40,8829
3484,12,5,11,2403,40,8829
3485,13,5,11,2403,40,8829
3486,14,5,11,2403,40,8829
3487,15,5,11,2285,40,8947
3488,16,5,11,2285,40,8947
3489,17,5,11,2285,40,8947
3490,18,5,11,2285,40,8947
3491,19,5,11,2285,40,8947
3492,20,5,11,2285,40,8947
3493,21,5,11,2285,40,8947
3494,22,5,11,2285,40,8947
3495,23,5,11,2285,40,8947
3496,24,5,11,2285,40,8947
3497,25,5,11,2285,40,8947
3498,26,5,11,2285,40,8947
3499,27,5,11,2285,40,8947
3500,28,5,11,2285,40,8947
3501,1,6,11,2285,40,8947
3502,2,6,11,2285,40,8947
3503,3,6,11,2285,40,8947
3504,4,6,11,2285,40,8947
3505,5,6,11,2285,40,8947
3506,6,6,11,2285,40,8947
3507,7,6,11,2285,40,8947
3508,8,6,11,2285,40,8947
3509,9,6,11,2285,40,8947
3510,10,6,11,2285,40,8947
3511,11,6,11,2285,40,8947
3512,12,6,11,2285,40,8947
3513,13,6,11,2285,40,8947
3514,14,6,11,2285,40,8947
3515,15,6,11,2164,40,9068
3516,16,6,11,2164,40,9068
3517,17,6,11,2164,40,9068
3518,18,6,11,2164,40,9068
3519,19,6,11,2164,40,9068
3520,20,6,11,2164,40,9068
3521,21,6,11,2164,40,9068
3522,22,6,11,2164,40,9068
3523,23,6,11,2164,40,9068
3524,24,6,11,2164,40,9068
3525,25,6,11,2164,40,9068
3526,26,6,11,2164,40,9068
3527,27,6,11,2164,40,9068
3528,28,6,11,2164,40,9068
3529,1,7,11,2164,40,9068
3530,2,7,11,2164,40,9068
3531,3,7,11,2164,40,9068
3532,4,7,11,2164,40,9068
3533,5,7,11,2164,40,9068
3534,6,7,11,2164,40,9068
3535,7,7,11,2164,40,9068
3536,8,7,11,2164,40,9068
3537,9,7,11,2164,40,9068
3538,10,7,11,2164,40,9068
3539,11,7,11,2164,40,9068
3540,12,7,11,2164,40,9068
3541,13,7,11,2164,40,9068
3542,14,7,11,2164,40,9068
3543,15,7,11,2051,40,9181
3544,16,7,11,2051,40,9181
3545,17,7,11,2051,40,9181
3546,18,7,11,2051,40,9181
3547,19,7,11,2051,40,9181
3548,20,7,11,2051,40,9181
3549,21,7,11,2051,40,9181
3550,22,7,11,2051,40,9181
3551,23,7,11,2051,40,9181
3552,24,7,11,2051,40,9181
3553,25,7,11,2051,40,9181
3554,26,7,11,2051,40,9181
3555,27,7,11,2051,40,9181
3556,28,7,11,2051,40,9181
3557,1,8,11,2051,40,9181
3558,2,8,11,2051,40,9181
3559,3,8,11,2051,40,9181
3560,4,8,11,2051,40,9181
3561,5,8,11,2051,40,9181
3562,6,8,11,2051,40,9181
3563,7,8,11,2051,40,9181
3564,8,8,11,2051,40,9181
3565,9,8,11,2051,40,9181
3566,10,8,11,2051,40,9181
3567,11,8,11,2051,40,9181
3568,12,8,11,2051,40,9181
3569,13,8,11,2051,40,9181
3570,14,8,11,2051,40,9181
3571,15,8,11,1950,40,9282
3572,16,8,11,1950,40,9282
3573,17,8,11,1950,40,9282
3574,18,8,11,1950,40,9282
3575,19,8,11,1950,40,9282
3576,20,8,11,1950,40,9282
3577,21,8,11,1950,40,9282
3578,22,8,11,1950,40,9282
3579,23,8,11,1950,40,9282
3580,24,8,11,1950,40,9282
3581,25,8,11,1950,40,9282
3582,26,8,11,1950,40,9282
3583,27,8,11,1950,40,9282
3584,28,8,11,1950,40,9282
3585,1,9,11,1950,40,9282
3586,2,9,11,1950,40,9282
3587,3,9,11,1950,40,9282
3588,4,9,11,1950,40,9282
3589,5,9,11,1950,40,9282
3590,6,9,11,1950,40,9282
3591,7,9,11,1950,40,9282
3592,8,9,11,1950,40,9282
3593,9,9,11,1950,40,9282
3594,10,9,11,1950,40,9282
3595,11,9,11,1950,40,9282
3596,12,9,11,1950,40,9282
3597,13,9,11,1950,40,9282
3598,14,9,11,1950,40,9282
3599,15,9,11,1872,40,9360
3600,16,9,11,1872,40,9360
3601,17,9,11,1872,40,9360
3602,18,9,11,1872,40,9360
3603,19,9,11,1872,40,9360
3604,20,9,11,1872,40,9360
3605,21,9,11,1872,40,9360
3606,22,9,11,1872,40,9360
3607,23,9,11,1872,40,9360
3608,24,9,11,1872,40,9360
3609,25,9,11,1872,40,9360
3610,26,9,11,1872,40,9360
3611,27,9,11,1872,40,9360
3612,28,9,11,1872,40,9360
3613,1,10,11,1872,40,9360
3614,2,10,11,1872,40,9360
3615,3,10,11,1872,40,9360
3616,4,10,11,1872,40,9360
3617,5,10,11,1872,40,9360
3618,6,10,11,1872,40,9360
3619,7,10,11,1872,40,9360
3620,8,10,11,1872,40,9360
3621,9,10,11,1872,40,9360
3622,10,10,11,1872,40,9360
3623,11,10,11,1872,40,9360
3624,12,10,11,1872,40,9360
3625,13,10,11,1872,40,9360
3626,14,10,11,1872,40,9360
3627,15,10,11,1790,40,9442
3628,16,10,11,1790,40,9442
3629,17,10,11,1790,40,9442
3630,18,10,11,1790,40,9442
3631,19,10,11,1790,40,9442
3632,20,10,11,1790,40,9442
3633,21,10,11,1790,40,9442
3634,22,10,11,1790,40,9442
3635,23,10,11,1790,40,9442
3636,24,10,11,1790,40,9442
3637,25,10,11,1790,40,9442
3638,26,10,11,1790,40,9442
3639,27,10,11,1790,40,9442
3640,28,10,11,1790,40,9442
3641,1,11,11,1790,40,9442
3642,2,11,11,1790,40,9442
3643,3,11,11,1790,40,9442
3644,4,11,11,1790,40,9442
3645,5,11,11,1790,40,9442
3646,6,11,11,1790,40,9442
3647,7,11,11,1790,40,9442
3648,8,11,11,1790,40,9442
3649,9,11,11,1790,40,9442
3650,10,11,11,1790,40,9442
